Longitude,Latitude,Source,Impact
-82.26810,35.24740,DOT,Road
-83.27130,35.14010,DOT,Road
-82.18600,35.56910,"DOT,S2",Road
-81.20400,36.44370,"DOT,S2",Road
-82.27890,35.92600,DOT,Road
-81.20720,36.51760,DOT,Road
-83.10160,35.11380,DOT,Road
-83.14230,35.22230,DOT,Road
-81.87030,36.08010,DOT,Road
-82.28440,35.61930,DOT,Road
-80.90377,36.55556,"DOT,S2",Road
-81.75696,35.64867,"DOT,S2",Road
-82.49390,35.46770,DOT,Road
-81.24556,36.35615,S2,Road
-82.38993,35.24486,PC,Various
-82.17930,35.76988,DOT,Road
-81.89001,35.79558,"DOT,NO",Road
-81.88678,36.06758,DOT,Road
-82.33345,35.34563,"PL,S2",Road
-81.60219,36.15394,"DOT,S2",Road
-82.26192,35.61867,"MR,S2",Road
-82.45099,35.36710,DOT,Road
-81.34579,36.12587,S2,UNCLEAR
-82.75583,35.61999,MR,Road
-81.87063,36.17895,MR,Road
-81.70398,36.20578,"MR,NO,S2",Road
-82.58139,35.25456,MR,Road
-82.27587,35.46827,"MR,S2",Building
-82.37658,35.27343,"CAP,S2",River
-82.47998,35.29404,CAP,Road
-82.18966,35.90728,"PL,S2",Road
-82.28674,35.45164,"MR,UA",Road
-82.34737,35.32012,MR,Building
-82.10687,35.39956,CAP,River
-82.49551,35.62645,"MR,UA",Road
-82.29631,35.58211,"MR,NO",Road
-82.49952,35.62547,MR,UNCLEAR
-82.31753,35.46619,"DOT,S2",Various
-82.23396,35.62363,DOT,Road
-82.23309,35.62230,DOT,Road
-81.94186,35.87547,DOT,Road
-82.86533,35.61922,"DOT,S2",Road
-82.76948,35.29635,MR,Road
-82.38974,35.23402,"DOT,S2",Road
-81.42732,36.85265,S2,Various
-82.01972,35.79628,"MR,UA",Road
-82.12439,35.41951,CAP,Other
-82.12787,35.41941,CAP,Road
-82.16604,35.42747,CAP,Road
-82.31908,35.34393,"PL,S2",NONE
-82.36428,35.23615,"MR,S2",Road
-81.76594,36.29465,PL,Other
-81.76526,36.29186,PL,Other
-81.75252,36.33492,"FO,S2",Building
-81.75135,36.34507,"PL,S2",Road
-81.75142,36.34327,"PL,S2",Road
-82.47195,35.24888,"PL,S2",Building
-81.65146,36.20946,S2,Other
-81.65028,36.20749,S2,Road
-82.18437,35.42699,CAP,Road
-82.19582,35.63377,CAP,Other
-81.85601,36.14242,FO,Road
-81.53000,36.23982,MR,Road
-82.42780,35.62106,"PC,UA",UNCLEAR
-82.33081,35.87655,"PL,S2",Road
-82.32979,35.88854,"PL,S2",Building
-82.32012,35.89675,PL,River
-81.17428,36.69154,DOT,Road
-82.35313,35.25282,"CAP,S2",UNCLEAR
-82.18850,35.25799,"CAP,S2",Road
-82.39325,35.61761,"PC,S2,UA",Building
-82.26228,35.44970,"S2,UA",Various
-82.37989,35.62897,"S2,UA",Building
-82.30691,35.58369,S2,Building
-82.36752,35.55047,"S2,UA",UNCLEAR
-81.14390,36.56933,"MR,S2",Road
-82.21253,35.83234,S2,Road
-82.32113,35.57957,S2,Road
-82.20304,35.84499,"PL,S2",Building
-82.38735,35.57865,"NO,S2,UA",Road
-82.24006,35.60971,S2,River
-82.29646,35.61296,"S2,UA",NONE
-82.29725,35.61573,"S2,UA",Building
-82.29787,35.60782,S2,Road
-82.36406,35.56719,S2,NONE
-82.31719,35.58916,"NO,S2",Various
-82.37526,35.58721,"S2,UA",Building
-82.36368,35.17144,S2,UNCLEAR
-82.40002,35.58655,"S2,UA",Building
-82.42255,35.63924,S2,UNCLEAR
-82.39220,35.65148,S2,Other
-82.39631,35.65037,S2,Other
-82.38482,35.64568,"PL,S2",River
-82.44335,35.63750,"S2,UA",NONE
-82.38116,35.66083,S2,Various
-82.27066,35.22837,S2,NONE
-82.42523,35.64712,"S2,UA",River
-82.35029,35.71026,"S2,UA",UNCLEAR
-82.25272,35.32831,S2,Road
-82.23781,35.74760,"S2,UA",River
-82.25117,35.32090,"S2,UA",River
-82.38941,35.62287,"NO,S2,UA",Various
-82.38581,35.64578,"PL,S2",River
-82.38190,35.66207,"PC,S2",Various
-82.40905,35.69082,"S2,UA",UNCLEAR
-82.42015,35.73273,S2,Other
-82.41104,35.75632,S2,River
-82.36251,35.70629,"S2,UA",NONE
-83.17839,36.06075,S2,Road
-82.39806,35.41007,S2,UNCLEAR
-83.16615,35.79855,S2,UNCLEAR
-82.08371,35.84820,"FO,S2",Road
-82.28940,35.46077,"PL,UA",River
-82.07508,35.84787,S2,Road
-82.05303,35.85069,"FO,PL,S2,UA",Road
-82.05155,35.85159,"FO,S2,UA",Building
-82.80586,35.37082,S2,UNCLEAR
-82.81145,35.37543,S2,UNCLEAR
-82.81026,35.37783,S2,Road
-82.82415,35.39030,S2,Building
-82.84111,35.43650,S2,UNCLEAR
-82.84503,35.44495,S2,Road
-82.33139,35.22140,"PL,S2",Road
-82.28624,35.20272,"S2,UA",NONE
-82.28704,35.20250,"S2,UA",NONE
-82.01225,35.89318,S2,Building
-82.15847,35.72954,S2,NONE
-82.15872,35.72677,S2,River
-82.15683,35.73066,S2,NONE
-81.84051,35.94022,S2,NONE
-82.40888,35.65858,S2,River
-82.36821,35.67073,"PC,S2",Various
-82.38004,35.72418,S2,River
-82.31393,35.76170,S2,River
-82.31191,35.77280,S2,River
-82.29416,35.77849,S2,NONE
-82.40626,35.70240,S2,Other
-82.52189,35.62516,"NO,S2,UA",Road
-82.40903,35.77669,S2,Other
-82.30231,35.80294,S2,NONE
-81.69160,36.10921,"S2,UA",River
-81.89536,36.25733,S2,Building
-82.28674,35.46477,UA,River
-82.31056,35.53528,CAP,Building
-82.31054,35.53414,CAP,River
-82.27958,35.46346,"S2,UA",Building
-82.27900,35.46334,"S2,UA",UNCLEAR
-82.27770,35.46293,UA,NONE
-82.33907,35.89356,"PL,S2",Building
-82.32432,35.89579,"PL,S2",River
-82.28518,35.46435,"PL,S2,UA",UNCLEAR
-82.28376,35.46556,"PL,UA",Building
-82.28185,35.46446,"PL,UA",Building
-82.28163,35.46686,"S2,UA",Various
-82.28250,35.46742,"S2,UA",Building
-82.28260,35.46708,"S2,UA",Building
-82.28184,35.46807,"S2,UA",Various
-82.27535,35.46748,"S2,UA",Various
-81.67944,36.20333,MR,Road
-81.90700,36.11541,MR,Building
-82.35249,35.23597,MR,Road
-82.29567,35.47615,"PL,S2,UA",Various
-81.76236,36.27445,MR,Other
-82.55219,35.56683,PL,Road
-82.24820,35.43979,MR,Building
-82.31524,35.45851,UA,Road
-82.31504,35.45821,UA,Road
-82.31573,35.45698,UA,Road
-81.62977,36.20969,MR,Road
-82.64672,35.20789,"PL,S2",UNCLEAR
-82.62711,35.26189,"PL,S2",NONE
-81.79284,36.26424,"MR,PC",Building
-82.34621,35.22680,"PL,S2",Other
-82.32821,35.22315,"PL,S2",Road
-82.33190,35.17743,"PL,S2",Other
-82.33475,35.17695,"PL,S2",Other
-82.34842,35.17352,"PL,S2",Other
-82.35482,35.17542,"PL,S2",NONE
-82.35384,35.16668,"PL,S2",NONE
-82.35881,35.14923,"PL,S2",NONE
-82.12980,35.74701,"PL,S2",Road
-82.57558,35.13089,"PL,S2",UNCLEAR
-83.52912,35.77452,PL,UNCLEAR
-82.08455,35.80385,"PL,S2",Road
-83.52782,35.77572,PL,Other
-82.08491,35.80351,"PL,S2",Various
-83.53128,35.77783,"PL,S2",Building
-82.08805,36.02816,"PL,S2",UNCLEAR
-82.27321,35.31286,"PL,S2",Other
-82.29108,35.31175,"PL,S2",NONE
-82.29582,35.30973,"PL,S2",NONE
-82.32467,35.97741,"PL,S2",NONE
-83.53222,35.79170,PL,NONE
-82.45007,35.34791,"PL,S2",Road
-83.51098,35.79871,"PL,S2",UNCLEAR
-82.18770,35.80798,"PL,S2",NONE
-82.29441,35.82884,"MR,PL,S2",Building
-81.62236,36.17811,FO,Building
-82.32643,35.84656,"PL,S2,UA",Various
-82.51855,35.43018,"PL,S2",Other
-82.24825,35.46187,"NO,PL,S2",Various
-81.21492,36.34740,S2,UNCLEAR
-81.73664,36.26517,"MR,S2",Various
-82.34693,35.85452,"MR,PL,S2,UA",Building
-81.75313,36.25874,S2,Other
-82.35903,35.94044,"PL,S2",Building
-81.68505,36.12642,"FO,S2",Road
-81.68672,36.12425,"S2,UA",NONE
-82.36206,35.95219,"PL,S2",Other
-82.24851,35.63697,S2,Road
-82.22723,35.66550,"PL,S2",River
-82.37012,35.94395,"PL,S2",Building
-82.26626,35.60295,PL,NONE
-82.25883,35.65633,"PL,S2",Road
-83.47531,35.76504,PL,UNCLEAR
-83.47466,35.76522,PL,UNCLEAR
-83.47299,35.76573,PL,UNCLEAR
-82.25598,35.65815,"PL,S2",Various
-82.25490,35.65100,PL,Road
-81.67898,36.45861,S2,River
-82.34081,35.67596,"PL,S2",UNCLEAR
-82.33599,35.57219,"PL,S2,UA",Various
-82.33420,35.56714,UA,Various
-82.33750,35.56022,"PL,UA",Various
-82.35091,35.55829,"FO,PL",Road
-82.38152,35.57697,"PL,S2",Road
-82.50392,35.64989,PL,NONE
-82.24823,35.73453,"PL,S2,UA",NONE
-82.31763,35.72370,"PL,S2",River
-82.30143,35.79219,"PL,S2",NONE
-82.29128,35.75893,"PL,S2",NONE
-82.17038,35.74546,PL,River
-81.73967,36.27596,S2,Various
-82.30856,35.46996,"S2,UA",Road
-82.30725,35.47085,UA,Building
-82.30858,35.47040,"S2,UA",Road
-82.30161,35.47807,"S2,UA",Building
-82.30714,35.46757,UA,Road
-82.16244,35.78113,"S2,UA",Road
-82.18438,35.75218,"S2,UA",Road
-82.18516,35.74945,"S2,UA",Road
-82.31310,35.46310,"DOT,UA",Road
-81.74921,36.23543,MR,Building
-82.31661,35.46409,"PL,UA",Road
-82.29469,35.44486,UA,Road
-82.29383,35.44437,UA,Road
-82.29455,35.44376,UA,NONE
-82.29580,35.44351,UA,Road
-82.35267,35.43197,"S2,UA",NONE
-82.35223,35.43322,"S2,UA",NONE
-82.26095,35.44864,"S2,UA",Various
-82.26564,35.45077,"PL,UA",UNCLEAR
-82.29380,35.44763,UA,River
-82.31861,35.52889,CAP,Road
-82.31061,35.54021,CAP,NONE
-82.31306,35.56361,CAP,Building
-82.32372,35.80818,"PL,S2",Other
-82.32984,35.22406,"PL,S2",UNCLEAR
-82.14167,35.84174,"FO,PL,S2",River
-82.25641,35.44452,"PL,UA",Road
-82.30667,35.22314,"PL,S2",Road
-82.25745,35.44719,"S2,UA",River
-82.16820,35.84757,"PL,S2",Road
-82.33038,35.22133,"PL,S2",Road
-82.31211,35.23419,PL,Road
-82.29953,35.27794,"PL,S2",Road
-82.25227,35.45143,"S2,UA",Various
-82.27967,35.42491,"PL,S2",Road
-82.48412,35.53125,PC,Building
-82.25961,35.44781,"PL,S2,UA",UNCLEAR
-82.25846,35.44795,"PL,S2,UA",UNCLEAR
-82.24872,35.45684,"NO,S2,UA",Various
-82.25110,35.44535,"PL,S2",UNCLEAR
-82.24851,35.45356,"PL,S2",Various
-82.20902,35.45013,"S2,UA",NONE
-82.15585,35.73235,PL,River
-82.33906,35.51540,FO,Building
-82.16567,35.73387,S2,NONE
-82.16152,35.75269,PL,NONE
-82.18234,35.44047,PL,Road
-82.18354,35.44328,PL,UNCLEAR
-82.12932,35.74757,"PL,S2",Road
-82.00387,36.00603,"PL,S2",Building
-82.00758,36.08247,"NO,PL,S2",Building
-82.24819,35.39944,"PL,S2",Road
-82.24700,35.39962,"PL,S2",Road
-82.24607,35.39978,"PL,S2",Road
-82.17502,35.72903,PL,NONE
-82.17524,35.72887,PL,NONE
-82.18054,35.73826,PL,NONE
-82.17015,35.75646,PL,River
-82.09618,35.80318,PL,Building
-82.09705,35.84010,"PL,S2",Road
-81.98299,35.87223,"PL,S2",Various
-82.39003,35.24260,"PL,S2",Other
-82.38586,35.25039,"PL,UA",Road
-82.42691,35.24704,"PL,S2",Building
-82.43002,35.24500,"PL,S2",Road
-81.96295,35.88157,"PL,S2",NONE
-81.96290,35.87585,"PL,S2",NONE
-82.09550,35.80335,PL,Road
-82.34623,35.78267,UA,Building
-82.24863,35.46280,UA,Building
-82.10545,35.83752,"PL,S2",Building
-82.37147,35.93997,"PL,S2",Building
-82.10826,35.83594,"PL,S2",Various
-82.36587,35.95031,"PL,S2",Road
-82.36743,35.94998,"PL,S2",UNCLEAR
-82.43982,35.96912,"PL,S2",UNCLEAR
-82.11449,35.83205,"PL,S2",Road
-82.05205,35.77026,PL,NONE
-82.14693,35.80197,"PL,S2",NONE
-82.14879,35.67674,PL,UNCLEAR
-82.43628,35.23671,PL,UNCLEAR
-82.48304,35.35385,PL,Road
-82.39201,35.25325,"PL,S2",River
-82.39170,35.25479,PL,River
-82.42438,35.25545,"PL,S2",UNCLEAR
-81.95306,35.86275,UA,Building
-82.39384,35.23792,"PL,S2",Other
-82.35326,35.54249,UA,Road
-82.39399,35.23873,"PL,S2",Other
-82.39379,35.23736,PL,River
-82.39391,35.23950,PL,Other
-82.39249,35.24064,"PL,S2",Other
-82.39197,35.24102,"PL,S2",Other
-82.38926,35.24249,PL,River
-82.39295,35.24047,"PL,S2",Other
-82.35176,35.54255,UA,Road
-82.38670,35.24992,"PL,S2,UA",Road
-82.36113,35.61922,"NO,PL,UA",Various
-82.38549,35.25163,"PL,S2",Road
-82.06549,35.80792,UA,Building
-82.07254,35.81187,UA,Road
-82.27996,35.62707,UA,Building
-82.27996,35.62774,UA,Road
-82.29576,35.62712,UA,Various
-82.29605,35.62529,UA,Road
-83.64442,35.24573,S2,NONE
-83.67337,35.21850,S2,Road
-82.40005,35.54181,PL,UNCLEAR
-81.79208,36.27168,S2,Road
-82.30239,35.62635,UA,Building
-82.30016,35.62660,UA,UNCLEAR
-81.79236,36.27990,S2,Building
-81.79587,36.28273,S2,Building
-82.30661,35.62931,UA,Other
-81.78706,36.27306,S2,Building
-81.79978,36.28970,S2,NONE
-81.80091,36.29075,S2,Other
-82.14813,35.65755,UA,Building
-81.70043,36.25839,S2,Various
-81.75594,36.32300,S2,NONE
-82.25271,35.65558,"S2,UA",Various
-82.25415,35.66168,UA,Building
-81.68916,36.22910,NO,Road
-81.95427,36.46585,S2,NONE
-81.67637,36.22561,NO,NONE
-81.71000,36.22366,NO,Road
-81.72420,36.21308,"NO,S2",Other
-81.89019,36.56964,S2,NONE
-81.74013,36.20296,"NO,S2",NONE
-82.03442,36.52233,S2,Other
-82.17445,35.54933,"FO,S2,UA",UNCLEAR
-81.98319,36.11585,"NO,S2",Road
-81.98314,36.09935,"NO,S2",Building
-81.98194,36.10031,"NO,S2",River
-81.98466,36.09833,NO,Road
-81.99110,36.09860,"NO,S2",Building
-81.98969,36.09176,"NO,S2",Building
-81.99009,36.09300,"NO,S2",Other
-81.99103,36.09042,"NO,S2",Building
-82.00441,36.09309,"NO,S2",Road
-81.97348,36.17292,"NO,S2",Road
-82.01761,36.06495,"NO,S2",Building
-82.01343,36.06930,"NO,S2",Road
-82.00165,36.07244,"NO,S2",Road
-81.99484,36.06553,"NO,S2",Road
-81.67696,36.41385,"FO,S2,UA",Road
-81.69246,36.40590,"FO,S2",Building
-82.02255,36.05010,"NO,S2",Road
-81.56658,36.53115,"S2,UA",Various
-82.00307,36.04808,"NO,S2",Road
-82.01713,36.02743,"NO,S2",Other
-82.02224,36.00978,"NO,S2,UA",UNCLEAR
-81.53825,36.42407,UA,Building
-81.53926,36.42362,"S2,UA",Building
-81.44731,36.26000,UA,UNCLEAR
-81.67881,36.22509,FO,Building
-82.86774,35.62709,UA,Building
-81.99850,36.04611,NO,Other
-83.38553,35.18995,NO,Building
-81.74395,36.26352,"MR,S2",Building
-83.36836,35.15431,NO,NONE
-81.76122,36.27000,MR,Building
-81.88833,36.06251,"NO,PC,S2",Road
-81.75225,36.27226,S2,Building
-81.97958,36.09157,"NO,S2",Building
-81.57325,36.24680,FO,Building
-82.80434,35.89988,NO,Road
-81.44333,36.55972,CAP,Road
-82.86960,35.45940,NO,Building
-82.87937,35.45491,NO,UNCLEAR
-82.88216,35.45180,NO,NONE
-82.88436,35.44975,NO,NONE
-81.75969,36.27045,FO,Road
-81.75906,36.27070,FO,Road
-81.77883,36.25684,MR,Building
-81.74280,36.34692,FO,Road
-80.96056,36.41694,"CAP,S2",UNCLEAR
-81.96433,35.98410,"FO,NO,S2",Road
-81.70354,36.18925,FO,Road
-83.17537,35.59728,S2,River
-81.70656,36.20148,"FO,NO",UNCLEAR
-81.71949,36.19472,"FO,NO,S2",Road
-82.37500,35.62577,"NO,S2,UA",NONE
-82.26962,35.63067,"NO,S2",Road
-82.30980,35.59350,"FO,NO",Road
-82.31698,35.59476,NO,Building
-82.33967,35.58820,"FO,NO,S2",Building
-82.10257,35.66523,NO,Road
-81.69945,36.23564,PC,Building
-81.70029,36.25074,S2,River
-81.74870,36.25463,S2,Other
-81.77270,36.28485,S2,River
-82.05582,35.88040,FO,UNCLEAR
-82.04625,35.90322,NO,Building
-81.73729,36.20419,"CAP,S2",Building
-81.79030,36.28365,S2,Building
-81.79478,36.28525,"FO,S2",Various
-81.81452,36.27539,S2,Various
-81.90340,36.04336,"FO,NO,S2",Various
-81.87130,36.05308,"NO,S2",Other
-81.97862,36.12980,NO,Other
-81.75628,36.17401,"NO,S2,UA",Road
-81.58833,36.15697,S2,Building
-81.76981,36.15669,NO,Building
-81.69307,36.14729,NO,Road
-83.90113,34.85869,S2,UNCLEAR
-83.76431,34.98349,S2,Building
-82.34359,35.58526,"NO,S2,UA",UNCLEAR
-83.92953,35.06298,S2,NONE
-82.32391,35.59363,NO,Building
-81.67468,36.37204,FO,Road
-81.73571,36.33434,PC,Road
-81.74573,36.28815,FO,Road
-82.00266,36.09263,"NO,S2",Other
-82.00381,36.07078,"FO,NO,S2",Road
-81.99173,36.06434,"FO,NO",Road
-81.87482,36.06716,"NO,S2",Building
-81.74596,36.28879,PC,Other
-82.35032,35.59059,NO,Building
-83.47708,35.43186,NO,NONE
-81.78359,36.23142,UA,NONE
-81.67905,36.22439,NO,Building
-81.78455,36.23053,UA,NONE
-81.63542,36.17542,MR,Building
-81.64727,36.18728,"MR,S2",Building
-81.73103,36.12251,NO,Road
-81.85675,36.12857,PC,Road
-81.93528,36.00333,CAP,Road
-81.67997,36.22609,FO,Road
-81.70861,36.15398,"FO,S2",Road
-81.94250,35.87500,CAP,Other
-81.99222,35.83722,CAP,Various
-82.46712,36.12651,S2,River
-82.49428,36.10470,S2,River
-82.05400,35.80906,CAP,Building
-81.91524,36.07390,CAP,Road
-82.44333,36.12694,CAP,Road
-82.44640,36.12308,CAP,Road
-82.42889,36.14139,CAP,Road
-81.70612,36.69262,S2,NONE
-82.09593,36.65292,S2,Other
-82.10777,36.64718,"PL,S2",Road
-81.75205,36.32703,S2,Building
-81.75261,36.32740,S2,Other
-81.74699,36.32916,S2,NONE
-82.60529,35.28666,"NO,S2",NONE
-81.74490,36.33014,S2,NONE
-81.76804,36.32306,S2,Building
-81.82311,36.31318,S2,UNCLEAR
-81.76059,36.31228,S2,Building
-81.76555,36.31572,S2,Other
-81.75583,36.31347,S2,Other
-81.72542,36.36943,S2,Building
-81.64731,36.28472,S2,UNCLEAR
-81.64892,36.20660,S2,Road
-81.64193,36.21042,S2,Building
-82.39033,35.62264,"NO,PL,S2,UA",NONE
-82.38876,35.62224,"NO,PL,S2,UA",Road
-82.66182,35.59078,PC,Building
-82.44825,35.59146,UA,Road
-81.64649,36.16185,NO,Building
-81.64524,36.20191,NO,Road
-81.68642,36.20730,NO,Road
-81.53880,36.57208,S2,Road
-81.53988,36.57079,S2,Road
-82.21361,35.90861,CAP,Building
-82.24361,35.90861,"CAP,PL,S2",Road
-82.39139,35.94194,CAP,Road
-82.26850,35.72967,S2,River
-82.19705,35.73606,S2,Road
-82.38944,35.93222,CAP,Other
-82.38556,35.92333,CAP,Road
-82.38861,35.92556,CAP,Building
-81.74614,36.23186,MR,Building
-82.02295,35.69618,NO,Other
-82.02575,35.69391,NO,Other
-82.35454,35.94073,"MR,S2",Building
-82.35584,35.94393,S2,Various
-82.35522,35.94883,"PL,S2",Building
-82.35419,35.94652,S2,Building
-82.35505,35.95458,S2,Building
-82.35050,35.95496,S2,UNCLEAR
-82.35702,35.95290,S2,River
-82.36223,35.93746,S2,Building
-82.31680,35.92116,MR,Building
-82.28218,35.81630,S2,Building
-82.35197,35.55781,FO,Road
-82.32386,35.55566,FO,Various
-82.33165,35.55337,FO,Road
-82.35178,35.51526,FO,Building
-82.39583,35.89083,CAP,Other
-82.40000,35.88333,CAP,Building
-82.38000,35.89694,CAP,Other
-82.12435,36.46836,S2,NONE
-81.78664,36.44189,S2,Road
-82.37000,35.89444,CAP,Road
-82.37381,35.88337,CAP,Road
-82.37056,35.91389,"CAP,S2",Building
-82.32560,35.93358,"MR,S2",Building
-82.34694,35.90889,CAP,Road
-82.25500,35.91806,CAP,Road
-82.25694,35.90861,CAP,Road
-82.53320,35.61494,FO,Road
-82.41008,35.58282,FO,Building
-82.40280,35.58178,FO,Road
-82.40285,35.57780,FO,Road
-82.37628,35.59373,FO,Road
-82.28399,35.46243,FO,Road
-82.50601,35.48673,NO,Road
-81.22562,36.68765,S2,Road
-82.39743,35.62095,UA,UNCLEAR
-82.39869,35.62135,UA,UNCLEAR
-82.28495,35.46226,FO,River
-81.96690,35.98301,FO,UNCLEAR
-82.26999,35.23220,"FO,PC",Building
-81.94384,35.88192,FO,Building
-82.36174,35.58375,"FO,S2",Building
-82.36001,35.58422,FO,Building
-81.59133,36.50059,"FO,S2",Road
-81.48098,36.42676,FO,Building
-82.71420,35.19869,"PC,S2",Road
-82.38789,35.24818,"FO,UA",Road
-82.31742,35.84965,"FO,S2",Building
-82.31638,35.84874,"FO,S2",Building
-82.31664,35.85243,"FO,S2",Road
-82.31647,35.85395,"FO,S2",Building
-82.31016,35.85377,"FO,S2",Road
-82.25480,35.89880,"CAP,S2",Other
-82.21444,35.90389,CAP,Road
-82.23048,35.89449,"CAP,S2",Building
-82.19667,35.87111,CAP,Various
-82.41491,35.62186,UA,UNCLEAR
-82.42463,35.62002,UA,UNCLEAR
-82.40508,35.59125,UA,UNCLEAR
-82.40702,35.59138,UA,UNCLEAR
-82.38952,35.59410,UA,Various
-82.38480,35.59626,UA,NONE
-82.36347,35.59600,UA,Various
-82.82151,35.44194,"S2,UA",UNCLEAR
-82.81729,35.43867,"S2,UA",NONE
-82.37930,35.61119,"NO,S2,UA",Various
-82.81587,35.44602,"S2,UA",UNCLEAR
-82.16583,35.76611,"CAP,S2,UA",Road
-82.88625,35.44767,"NO,UA",NONE
-82.68984,35.54699,S2,NONE
-82.18337,35.58953,"PL,S2",Other
-82.88118,35.44858,"NO,UA",NONE
-82.67739,35.45396,S2,UNCLEAR
-82.49849,35.63472,"NO,UA",UNCLEAR
-82.67556,35.24412,"S2,UA",UNCLEAR
-81.71682,35.61788,S2,River
-82.34414,35.86269,"S2,UA",NONE
-82.68392,35.15759,S2,Road
-82.47790,35.66442,UA,Road
-82.32954,35.86308,"MR,S2",Road
-81.71993,35.65422,"NO,S2",NONE
-82.60814,35.44253,S2,NONE
-82.61262,35.47927,S2,NONE
-82.28645,35.92864,"MR,PL,S2",Building
-82.62501,35.25456,S2,NONE
-82.29822,35.82594,S2,UNCLEAR
-82.28954,35.80932,S2,UNCLEAR
-81.96172,35.68084,"NO,PL,S2",NONE
-81.95228,35.68206,"NO,PL,S2",NONE
-81.97200,35.69049,"NO,PL,S2",Other
-81.97638,35.68114,"PL,S2",UNCLEAR
-81.98568,35.66054,"PL,S2",River
-82.04499,35.65916,"PL,S2",Building
-82.04380,35.66069,"PL,S2",Road
-82.08456,35.64711,"PL,S2",NONE
-82.14344,35.67219,"PL,S2",River
-82.17488,35.66457,"PL,S2",NONE
-82.17371,35.66690,S2,NONE
-82.49371,35.65081,"NO,PC,UA",Road
-82.18316,35.70875,S2,River
-82.17562,35.71222,S2,NONE
-82.17478,35.71390,S2,NONE
-82.18883,35.70679,"PL,S2",NONE
-82.19162,35.71514,"PL,S2",Road
-82.19262,35.72050,"PL,S2",River
-82.19022,35.72274,"PL,S2",River
-82.19083,35.71540,"PL,S2",Road
-82.45737,35.65938,"PL,UA",Road
-82.46593,35.65527,UA,UNCLEAR
-82.16441,35.76979,"CAP,S2,UA",Road
-82.16722,35.76500,"CAP,S2,UA",Building
-82.43025,35.65814,"PL,S2,UA",NONE
-82.44747,35.63143,"PL,UA",Building
-82.16818,35.72391,"S2,UA",NONE
-82.44441,35.63571,"PL,UA",NONE
-82.15477,35.73379,"S2,UA",River
-82.15530,35.73303,"S2,UA",River
-82.12987,35.74884,UA,NONE
-82.12236,35.74989,"PL,S2",River
-82.13267,35.73731,S2,River
-82.13261,35.73620,S2,River
-82.14505,35.73704,UA,River
-82.15607,35.72676,UA,River
-82.52769,35.62130,UA,Road
-81.89978,36.11878,"PL,S2",Building
-82.21083,35.63409,"CAP,PL,S2",Other
-82.44177,35.64122,"PL,UA",UNCLEAR
-82.45200,35.63386,"PL,S2",NONE
-81.94379,36.28632,UA,Road
-82.39346,35.73707,S2,NONE
-82.39808,35.74721,S2,NONE
-82.39745,35.74902,S2,Building
-82.40669,35.74984,S2,UNCLEAR
-82.39251,35.74898,S2,UNCLEAR
-82.62261,36.05391,PL,NONE
-82.30804,35.83938,S2,UNCLEAR
-81.98006,36.30518,"S2,UA",Other
-82.41028,35.63139,CAP,Building
-82.24705,35.85289,"S2,UA",NONE
-82.28234,35.83554,S2,Road
-82.64532,36.05816,PL,NONE
-81.78858,36.19465,"S2,UA",Road
-82.51034,35.32083,S2,NONE
-82.50656,35.32007,S2,NONE
-82.51408,35.30433,S2,Road
-82.51369,35.30342,S2,Road
-82.46472,35.58361,"CAP,NO,UA",Various
-82.51800,35.30580,S2,NONE
-82.51736,35.30460,S2,NONE
-82.58487,36.04840,"PL,S2",NONE
-82.63248,36.03641,"PL,S2",NONE
-82.63191,36.03877,"PL,S2",NONE
-82.69340,36.01227,"PL,S2",NONE
-82.64138,35.99738,"PL,S2",UNCLEAR
-82.47047,35.56036,S2,NONE
-82.47226,35.44253,S2,Road
-82.49388,35.32896,S2,UNCLEAR
-82.48942,35.30595,S2,Road
-82.16032,35.71559,"PL,S2",NONE
-82.16374,35.71573,S2,NONE
-82.16230,35.71965,"PL,S2",NONE
-82.16357,35.72044,"PL,S2",NONE
-82.16321,35.72270,"PL,S2",NONE
-82.16263,35.72297,"PL,S2",NONE
-82.40934,35.55231,S2,UNCLEAR
-82.40979,35.54113,S2,UNCLEAR
-82.36672,35.55809,S2,UNCLEAR
-82.36285,35.55732,S2,UNCLEAR
-82.42811,35.46825,S2,UNCLEAR
-82.40672,35.69523,"S2,UA",NONE
-82.16010,35.72459,"PL,S2",NONE
-82.19339,35.72709,"PL,S2",Road
-82.18442,35.73274,"PL,S2",NONE
-82.18332,35.73301,"PL,S2",NONE
-82.10107,36.07718,"PL,S2",River
-82.17873,35.72737,"PL,S2",NONE
-82.17592,35.72641,"PL,S2",NONE
-82.18200,35.72475,"PL,S2",NONE
-82.17077,35.73192,"PL,S2",NONE
-82.16971,35.73222,"PL,S2",NONE
-82.17141,35.72855,"PL,S2",NONE
-82.35113,35.69315,"S2,UA",NONE
-82.16547,35.73494,"PL,S2",NONE
-82.16184,35.73907,"PL,S2",NONE
-82.15829,35.73793,"PL,S2",Road
-82.04708,36.09123,"S2,UA",River
-82.03396,36.09870,S2,River
-81.97111,36.13208,"NO,S2",NONE
-81.52355,36.20928,S2,Road
-83.04306,35.75389,"CAP,UA",Road
-81.63015,36.14176,"S2,UA",Building
-81.94295,36.14462,S2,Various
-81.66261,36.11706,"S2,UA",Building
-81.66558,36.11816,S2,NONE
-82.26495,35.84739,S2,Road
-81.91507,36.13355,S2,NONE
-81.97178,36.07706,S2,Road
-83.12198,35.23521,UA,UNCLEAR
-82.24723,35.82719,UA,UNCLEAR
-81.86342,36.24594,S2,Road
-82.97056,35.46028,PC,UNCLEAR
-82.32717,35.92624,S2,Building
-82.32414,35.92815,S2,NONE
-82.31789,35.92733,S2,Road
-82.09452,35.94729,S2,Road
-82.09366,35.94767,S2,Road
-82.09371,35.94887,S2,Road
-82.09283,35.95031,S2,Road
-82.09239,35.94828,S2,Road
-82.09378,35.94718,S2,Road
-82.33494,35.92048,S2,Building
-82.33320,35.92100,S2,Building
-82.34071,35.91790,S2,Building
-82.24696,35.85084,"S2,UA",NONE
-82.18669,35.86938,"PL,S2,UA",Road
-82.19504,35.87166,"S2,UA",Building
-81.97219,35.95052,S2,NONE
-81.97176,35.94995,S2,NONE
-82.41214,35.46550,S2,UNCLEAR
-82.40411,35.46276,S2,River
-82.40425,35.46204,S2,River
-82.40667,35.46318,S2,NONE
-82.40766,35.46615,S2,River
-82.20699,35.87308,UA,NONE
-82.39637,35.47283,S2,River
-82.20424,35.88390,"S2,UA",NONE
-81.90878,36.06145,S2,Building
-82.38545,35.57705,S2,Road
-82.37983,35.57706,"NO,S2",Road
-82.20087,35.86379,"S2,UA",Building
-81.89727,36.12465,S2,NONE
-82.38062,35.49200,S2,Various
-82.34815,35.47472,"S2,UA",Building
-82.35991,35.47554,S2,Road
-82.35623,35.46335,S2,NONE
-82.37218,35.44149,S2,Road
-82.35593,35.43997,S2,NONE
-82.33827,35.55954,S2,Various
-82.33430,35.56886,S2,Various
-82.33440,35.56544,S2,Various
-82.31685,35.54502,"S2,UA",NONE
-82.31552,35.54683,"S2,UA",NONE
-82.31527,35.54767,S2,NONE
-82.20651,35.72291,S2,Road
-82.19742,35.72456,S2,Road
-82.23601,35.75574,"S2,UA",Various
-82.21647,35.68755,S2,Various
-82.22993,35.68404,S2,Road
-82.23157,35.69235,S2,Road
-82.22837,35.69228,S2,Road
-82.23812,35.65164,S2,Various
-82.23754,35.65246,S2,Various
-82.26313,35.63970,S2,Road
-82.25436,35.64186,S2,Other
-82.25301,35.64081,S2,Other
-82.23824,35.63573,S2,Other
-82.23579,35.63585,S2,Other
-82.26292,35.63458,S2,UNCLEAR
-82.26286,35.62694,S2,Other
-82.25840,35.62836,S2,Other
-81.69416,36.22580,"FO,MR",Various
-82.49642,35.61047,"NO,UA",Road
-83.11444,35.79472,"CAP,UA",Road
-83.12472,35.79583,"CAP,UA",Road
-83.13639,35.80472,"CAP,UA",Road
-81.73367,36.23353,FO,River
-81.73558,36.23174,FO,Building
-82.17438,35.86493,"S2,UA",River
-81.75838,36.25807,FO,Building
-81.75718,36.25249,FO,Road
-82.17398,35.86788,UA,Building
-81.73552,36.24384,FO,Various
-82.17516,35.87130,"S2,UA",Road
-83.16528,35.98833,CAP,Road
-83.12573,35.23351,UA,Other
-82.17715,35.87317,UA,Building
-81.73896,36.24320,FO,Building
-81.73415,36.24293,FO,Building
-81.73379,36.24252,FO,Building
-81.73755,36.24127,FO,Various
-81.73658,36.24216,FO,Road
-82.14090,35.84463,"S2,UA",River
-82.14984,35.84181,"S2,UA",Building
-82.14784,35.83307,"S2,UA",Road
-82.34123,35.53176,S2,NONE
-82.32722,35.52839,S2,UNCLEAR
-82.30438,35.50292,S2,UNCLEAR
-82.33069,35.49880,S2,Road
-82.31861,35.48646,"PL,S2",Building
-82.32719,35.49257,S2,NONE
-82.13315,35.85497,"S2,UA",Road
-82.30991,35.48166,S2,Road
-82.34654,35.58631,"FO,NO",UNCLEAR
-82.29715,35.43351,S2,Various
-81.64715,36.17073,"NO,PC,S2",NONE
-82.11839,35.87972,UA,NONE
-81.64770,36.18039,PC,Road
-81.74236,36.24428,FO,Building
-82.26047,35.55973,S2,River
-81.74308,36.24429,FO,Building
-82.29043,35.54294,S2,NONE
-83.19061,35.10449,UA,NONE
-83.17768,35.10319,UA,NONE
-82.27590,35.52458,S2,Various
-82.26692,35.51841,S2,Other
-82.28641,35.52779,S2,UNCLEAR
-82.28674,35.49608,"S2,UA",NONE
-82.23175,35.51263,S2,NONE
-82.24118,35.46715,"PL,S2",NONE
-81.74665,36.24401,FO,NONE
-81.74755,36.24476,FO,Other
-82.45301,36.19620,UA,Road
-83.58625,35.73508,"S2,UA",Road
-83.58526,35.73737,"S2,UA",Road
-83.58518,35.73547,"S2,UA",Road
-81.75379,36.24456,FO,Other
-83.60420,35.73342,"S2,UA",Building
-83.03306,36.09222,CAP,Building
-81.74949,36.23697,FO,River
-81.99004,35.87900,S2,Road
-82.48615,35.65240,"S2,UA",Road
-81.74148,36.24280,FO,NONE
-83.59862,35.72874,UA,Road
-81.74207,36.24114,FO,Other
-83.59785,35.72769,UA,Road
-81.96481,35.87542,S2,NONE
-81.95269,35.88518,S2,NONE
-81.90138,35.88662,S2,NONE
-82.14351,35.80385,S2,NONE
-82.19686,35.76085,S2,Road
-82.99333,36.08250,CAP,Road
-81.95160,35.92136,S2,NONE
-81.95219,35.91729,S2,NONE
-81.94966,35.91582,S2,NONE
-81.94440,35.91096,"S2,UA",Other
-81.86961,36.49298,S2,NONE
-81.77887,36.49387,S2,Other
-82.13705,35.73037,S2,Road
-82.86667,36.06583,CAP,Other
-82.14615,35.73085,S2,NONE
-81.96329,35.95676,S2,Road
-82.02566,35.98211,S2,NONE
-82.49007,35.64858,"NO,UA",Road
-81.97272,36.09457,S2,Road
-81.97964,36.09702,S2,Building
-81.98213,36.09692,S2,Road
-81.99089,36.09164,"NO,S2",Building
-81.96819,36.08873,S2,Building
-81.95349,35.88752,S2,NONE
-81.94997,35.89225,S2,NONE
-81.95060,35.89294,S2,NONE
-81.94046,35.92506,S2,River
-81.93911,35.92140,"S2,UA",River
-81.94775,35.92639,S2,River
-81.94592,35.93115,S2,River
-81.94382,35.93020,S2,River
-82.03309,36.00685,"NO,S2",Road
-81.97788,36.02660,S2,Various
-81.98043,36.10946,S2,NONE
-82.14657,35.83831,UA,Road
-81.93701,36.03695,S2,NONE
-81.93600,36.03913,S2,NONE
-81.93049,36.05921,S2,Other
-81.92928,36.05883,S2,Other
-81.92516,36.04808,S2,River
-81.92524,36.04716,S2,River
-81.92807,36.05041,"S2,UA",River
-81.92789,36.05115,"S2,UA",River
-81.95879,36.09776,"S2,UA",River
-81.95794,36.09676,"S2,UA",River
-81.95109,36.09637,S2,Road
-81.93144,36.04346,S2,NONE
-81.91204,36.05766,S2,NONE
-81.95001,36.10308,S2,NONE
-81.94967,35.88919,S2,Various
-82.19252,35.80482,"S2,UA",Building
-82.37198,35.81128,UA,NONE
-82.31191,35.87108,S2,Building
-82.30333,35.88272,"S2,UA",Building
-82.30053,35.88614,"S2,UA",Building
-82.29468,35.88327,"S2,UA",Road
-82.29471,35.88279,"S2,UA",Road
-82.29459,35.88194,"S2,UA",Road
-82.29451,35.88115,"S2,UA",Road
-81.67609,36.22411,FO,Road
-81.68217,36.22951,FO,NONE
-81.68265,36.23002,FO,Road
-81.76305,36.31830,FO,Road
-81.75693,36.32820,FO,River
-81.75433,36.33147,FO,Road
-81.75372,36.33198,FO,Other
-81.75249,36.33231,FO,Road
-81.68238,36.36212,FO,Other
-81.68054,36.36286,FO,Other
-81.68016,36.36255,FO,Other
-81.67838,36.36335,FO,Road
-81.67753,36.36868,FO,Road
-81.67282,36.37189,FO,Road
-81.69898,36.39009,FO,Road
-81.70573,36.38525,FO,Road
-81.71729,36.37306,FO,Road
-81.75898,36.37580,FO,Other
-81.65214,36.11531,"S2,UA",Other
-82.15072,35.75135,FO,Road
-82.15195,35.75139,FO,Road
-82.15260,35.75156,S2,Road
-82.15387,35.75533,S2,Road
-82.09787,35.84575,FO,Road
-81.75351,36.35158,FO,Other
-81.65489,36.11495,UA,Building
-82.36792,35.17191,S2,River
-82.32595,35.17806,S2,Other
-82.34369,35.17428,S2,Other
-82.32175,35.15376,S2,River
-82.30734,35.16109,S2,NONE
-82.31484,35.14701,"S2,UA",Road
-81.67693,36.12033,UA,NONE
-82.31029,35.39791,S2,Road
-82.30741,35.39774,S2,Road
-82.21907,35.50983,S2,Other
-82.21767,35.50987,S2,Other
-82.19197,35.48232,S2,Other
-82.19225,35.48062,S2,Other
-82.18745,35.48540,S2,Other
-82.17307,35.47451,S2,NONE
-82.30352,35.40502,S2,Road
-81.72269,36.11285,UA,Road
-82.29077,35.46587,S2,River
-82.29199,35.42210,S2,River
-82.29878,35.42577,S2,NONE
-82.29463,35.43103,S2,NONE
-82.29532,35.43288,S2,Various
-82.28424,35.45486,S2,NONE
-82.28355,35.45476,S2,NONE
-82.28187,35.45419,S2,Road
-82.28106,35.45537,S2,Road
-82.27877,35.45565,S2,NONE
-82.27831,35.45515,S2,NONE
-82.29095,35.44544,"S2,UA",Road
-82.30131,35.47072,"S2,UA",NONE
-82.30001,35.47321,"S2,UA",Building
-82.35730,35.23218,S2,Road
-82.30008,35.41761,S2,NONE
-82.31055,35.46412,S2,Road
-82.30004,35.47679,S2,Road
-82.19252,35.48961,S2,River
-81.59444,36.15832,UA,Road
-81.73458,36.32840,FO,Road
-81.75217,36.31355,FO,Road
-81.75002,36.31429,FO,Various
-81.72641,36.23658,FO,Road
-81.73401,36.23598,FO,Road
-81.74042,36.23194,FO,Building
-81.74613,36.28801,FO,Road
-81.74598,36.28730,FO,Road
-81.74131,36.31461,FO,NONE
-81.75565,36.31509,FO,Other
-84.43546,35.29460,"PL,S2",UNCLEAR
-81.94421,36.17252,FO,Road
-83.63644,35.89638,"PL,S2",UNCLEAR
-83.63423,35.89772,"PL,S2",UNCLEAR
-83.62983,35.90018,"PL,S2",UNCLEAR
-83.64541,35.77414,"PL,S2",UNCLEAR
-82.70308,35.04528,S2,Other
-82.70076,35.04933,S2,Other
-82.70088,35.04832,S2,Other
-82.58053,35.12792,S2,River
-82.55719,35.13974,"S2,UA",NONE
-82.56949,35.13268,"S2,UA",NONE
-82.72583,36.15639,"CAP,MR",Road
-82.68306,36.20500,CAP,Road
-82.63778,36.19667,CAP,Road
-82.03968,35.80796,UA,NONE
-82.07364,35.89493,"PL,UA",Other
-82.63278,36.19250,CAP,Road
-81.98664,35.89915,"PL,UA",Road
-81.92983,35.90513,"PL,S2,UA",Building
-81.92940,35.90410,"PL,S2,UA",UNCLEAR
-82.59028,36.15583,CAP,Other
-81.89472,35.86857,"S2,UA",NONE
-81.89824,35.86666,"S2,UA",River
-82.35028,36.08250,CAP,Road
-81.88405,35.88493,"PL,S2",Road
-82.56111,35.95306,CAP,Road
-82.29256,35.72324,UA,Road
-82.29823,35.72808,"S2,UA",Road
-82.92917,35.93972,CAP,Other
-82.29665,35.71038,"S2,UA",River
-83.68019,35.69287,UA,UNCLEAR
-82.24370,35.65421,"PL,UA",Other
-82.66970,35.16528,S2,UNCLEAR
-82.66150,35.10649,S2,River
-81.93611,36.28778,CAP,River
-82.44123,35.42652,S2,Various
-82.44061,35.42718,S2,UNCLEAR
-82.42631,35.39855,S2,River
-82.39669,35.23454,S2,River
-82.39710,35.23418,S2,River
-82.39759,35.23386,S2,River
-82.39790,35.23361,S2,River
-82.41984,35.18735,S2,Road
-82.23357,35.64324,"S2,UA",Various
-81.65583,36.42944,CAP,Road
-82.69636,35.07390,S2,River
-82.20852,35.63151,"PL,S2,UA",Other
-81.50748,36.46755,"CAP,S2",Road
-82.69012,35.00719,S2,UNCLEAR
-81.49361,36.48528,CAP,Road
-82.64338,34.97691,S2,UNCLEAR
-82.41473,35.11311,S2,NONE
-82.40046,35.12631,S2,NONE
-82.35783,35.04005,S2,UNCLEAR
-82.56262,35.09398,S2,UNCLEAR
-82.38156,35.43333,S2,Various
-82.38505,35.41032,S2,River
-82.56284,35.13909,S2,NONE
-82.36406,35.28960,"NO,S2",UNCLEAR
-82.47171,35.08872,S2,Road
-82.35798,35.28985,"NO,S2",River
-82.35761,35.29185,"NO,S2",River
-82.35756,35.29234,"NO,S2",River
-82.35728,35.29263,"NO,S2",River
-82.35299,35.29602,"NO,S2",River
-82.34931,35.30352,S2,River
-82.38825,35.16643,S2,NONE
-82.43609,35.16626,S2,Road
-82.43427,35.16601,S2,Road
-82.34555,35.17364,S2,Other
-82.34129,35.17459,S2,Other
-82.32654,35.17277,S2,NONE
-82.30081,35.17373,S2,NONE
-82.31836,35.16081,S2,NONE
-82.32724,35.14604,S2,Road
-82.32067,35.14100,S2,Building
-82.30873,35.21828,S2,Road
-82.25369,35.21058,S2,UNCLEAR
-82.29607,35.16543,S2,NONE
-82.30424,35.16480,S2,NONE
-83.72798,35.75566,S2,UNCLEAR
-82.49722,35.65458,"FO,NO,PC,PL,S2",Road
-81.47626,36.35890,UA,Building
-82.16911,35.93415,"PL,S2,UA",Various
-82.16887,35.93452,"PL,S2,UA",Various
-82.16865,35.93479,"PL,S2,UA",Various
-82.16808,35.93518,"PL,S2,UA",Various
-81.48495,36.35972,S2,Road
-82.08496,36.00644,"PL,S2,UA",Road
-82.07316,36.02273,"S2,UA",Building
-82.00280,36.00102,"S2,UA",Road
-82.00162,36.00026,"S2,UA",Road
-81.97104,36.00804,"S2,UA",Building
-81.97143,36.00778,"S2,UA",NONE
-81.97597,36.00471,"NO,UA",Road
-82.06786,36.02596,"S2,UA",River
-82.06854,36.01509,"PL,S2",River
-82.10734,36.04428,"PL,S2",Road
-82.20063,35.42136,"S2,UA",Road
-82.10401,36.03533,"PL,S2",River
-82.10792,36.03019,"PL,S2,UA",NONE
-81.75929,36.27290,FO,Road
-82.27308,35.44106,UA,River
-81.57659,36.26224,FO,Road
-82.27323,35.44241,UA,NONE
-81.57623,36.26147,FO,Building
-82.28105,35.44243,UA,River
-81.58783,36.20149,S2,Road
-82.37406,35.26955,S2,UNCLEAR
-82.34886,35.26346,S2,NONE
-82.37803,35.23829,S2,Road
-82.37714,35.23851,S2,Road
-83.60421,35.90024,S2,Building
-82.36217,35.65783,"PC,S2",Road
-82.38519,35.27428,S2,NONE
-82.35432,35.66055,"PC,S2",Various
-82.35396,35.27914,S2,River
-82.34819,35.27413,S2,UNCLEAR
-82.34748,35.27239,S2,UNCLEAR
-82.34614,35.27284,"PL,S2",UNCLEAR
-82.36608,35.23088,S2,Road
-82.38093,35.19411,S2,NONE
-82.38235,35.19319,S2,NONE
-82.32264,35.36323,S2,UNCLEAR
-82.32466,35.59506,PC,Road
-82.32411,35.59590,NO,Various
-82.33121,35.26569,"S2,UA",River
-82.33060,35.26687,"S2,UA",River
-82.34194,35.27016,S2,River
-82.34103,35.26935,S2,River
-82.33820,35.21895,S2,River
-82.33966,35.22026,S2,Road
-82.34014,35.21928,S2,Road
-82.34070,35.21924,S2,Road
-82.34252,35.21898,S2,River
-82.34497,35.21886,S2,Road
-82.34146,35.58427,"FO,PL",Other
-81.60702,36.23251,S2,Road
-81.67310,35.56659,S2,NONE
-81.66564,35.56036,S2,NONE
-81.60914,35.57041,S2,River
-82.27767,35.42135,S2,Road
-82.24924,35.42034,S2,UNCLEAR
-82.51190,35.34421,FO,Road
-82.51123,35.34395,FO,Road
-82.50715,35.34723,FO,NONE
-82.29450,35.34166,S2,Various
-82.29505,35.33551,S2,Road
-82.29375,35.33145,S2,Road
-82.28019,35.31416,S2,UNCLEAR
-82.29284,35.30145,"PL,S2",NONE
-82.25152,35.27842,S2,River
-82.28841,35.25856,S2,UNCLEAR
-82.29187,35.25733,S2,UNCLEAR
-82.25996,35.24689,S2,Road
-82.25787,35.24663,S2,Road
-82.26784,35.23664,S2,Building
-82.74734,36.01614,S2,NONE
-82.81401,35.59574,S2,Road
-82.81768,35.59460,S2,Building
-82.81813,35.59298,S2,Building
-82.81901,35.59254,S2,Building
-82.81906,35.59195,S2,Building
-82.82288,35.61618,S2,NONE
-82.83208,35.60749,S2,NONE
-82.82648,35.61247,S2,NONE
-82.84888,35.58758,S2,NONE
-82.88512,35.62237,S2,UNCLEAR
-82.88877,35.62083,S2,UNCLEAR
-82.88263,35.62156,S2,UNCLEAR
-82.89004,35.61242,S2,UNCLEAR
-82.21254,35.27205,S2,Various
-82.21473,35.26999,S2,River
-82.87915,35.62527,S2,UNCLEAR
-82.89120,35.66425,S2,UNCLEAR
-82.90502,35.68905,S2,UNCLEAR
-82.90581,35.68864,S2,UNCLEAR
-82.91288,35.70955,S2,River
-83.09895,35.57742,S2,UNCLEAR
-83.14262,35.56304,S2,NONE
-81.57325,36.41520,UA,Road
-82.80856,35.58817,S2,Building
-82.81235,35.58487,S2,NONE
-82.81679,35.58245,S2,Building
-82.81632,35.57845,S2,NONE
-83.08136,35.76916,UA,Road
-83.67660,35.70533,UA,UNCLEAR
-83.05185,35.75719,UA,Road
-82.25147,35.56796,S2,River
-82.24621,35.57626,S2,UNCLEAR
-82.27279,35.51621,S2,Various
-82.25863,35.57166,UA,Road
-82.25959,35.57116,UA,Road
-82.26043,35.57089,UA,Road
-82.28086,35.57219,"S2,UA",Road
-82.26702,35.53829,"S2,UA",Various
-82.26616,35.53447,"S2,UA",UNCLEAR
-82.27631,35.50875,"S2,UA",Road
-82.27523,35.50855,"S2,UA",Road
-82.30329,35.50995,S2,Road
-82.30102,35.50570,S2,NONE
-82.30911,35.48442,"PL,S2",Road
-82.33675,35.58826,"FO,S2,UA",UNCLEAR
-82.02166,35.70597,S2,Road
-81.98203,35.70554,S2,Other
-82.34748,35.58248,FO,UNCLEAR
-82.34715,35.58188,FO,UNCLEAR
-82.34152,35.58701,"FO,S2,UA",Building
-82.19963,35.88645,S2,River
-82.17926,35.88385,S2,NONE
-82.20532,35.68662,S2,Road
-82.20981,35.68505,S2,Other
-82.15671,35.88100,"NO,S2",NONE
-82.14873,35.85815,S2,River
-82.24180,35.70049,S2,NONE
-82.23313,35.68213,S2,NONE
-82.23322,35.68830,S2,NONE
-82.23112,35.68935,S2,NONE
-82.16271,35.83707,S2,Other
-82.22532,35.68426,S2,Road
-82.22690,35.68733,S2,Road
-82.21546,35.72269,S2,Road
-82.21544,35.71641,S2,River
-82.23759,35.66846,S2,NONE
-82.13855,35.82844,S2,UNCLEAR
-82.12953,35.82293,S2,River
-82.16887,35.77391,S2,Road
-82.16727,35.77376,S2,Road
-82.21629,35.66601,S2,NONE
-82.21053,35.66132,S2,NONE
-82.22341,35.65246,S2,River
-82.21843,35.64916,S2,River
-82.20821,35.63566,S2,UNCLEAR
-82.09050,35.98765,S2,River
-82.24134,35.65220,"PL,S2",Road
-82.24104,35.65175,"PL,S2",Road
-82.24740,35.63572,S2,Other
-82.25001,35.63658,S2,Road
-82.11055,35.79453,S2,River
-82.11232,35.79284,S2,River
-82.25288,35.63650,"PL,S2",Other
-82.08571,35.81031,S2,NONE
-82.24656,35.64025,"PL,S2",NONE
-82.25459,35.63366,"PL,S2",Road
-82.27310,35.62856,S2,Road
-82.24179,35.60814,S2,NONE
-82.24784,35.60638,S2,River
-81.99225,35.79336,S2,NONE
-82.29428,35.58597,"PL,S2",Road
-82.29788,35.58419,"PL,S2",River
-82.29905,35.58577,"PL,S2",Road
-81.95008,36.08218,"S2,UA",Building
-81.93727,36.07193,"S2,UA",UNCLEAR
-81.93748,36.06986,"S2,UA",UNCLEAR
-81.93864,36.06640,S2,UNCLEAR
-81.91719,35.72524,"NO,S2",Other
-81.85907,36.01153,S2,Road
-81.89991,35.99315,S2,NONE
-81.86259,35.93193,S2,Road
-81.90811,35.85662,S2,NONE
-81.77313,36.05512,S2,River
-81.78128,36.00899,S2,NONE
-81.77890,35.98441,S2,River
-81.78239,35.98185,S2,River
-81.85914,36.00876,"S2,UA",Road
-82.61481,35.61027,"FO,S2",Road
-82.56593,35.65697,FO,Road
-82.54085,35.61795,FO,Road
-82.30553,35.61794,"FO,UA",Building
-82.36301,35.22613,UA,NONE
-82.36571,35.22540,UA,NONE
-82.34554,35.23198,UA,Other
-82.27401,35.27013,UA,Road
-82.37877,35.75232,"PC,S2",Road
-82.43913,35.72561,S2,NONE
-82.34740,35.62549,"NO,PL,S2",UNCLEAR
-82.40379,35.61667,"NO,S2",Road
-82.40426,35.61657,"NO,S2",Road
-82.39154,35.62193,"NO,PL,S2",Road
-82.39335,35.62040,"NO,PL,S2",Road
-82.39296,35.61958,"NO,PL,S2",Road
-82.39333,35.61921,"NO,PL,S2",Road
-82.39308,35.62136,"NO,PL,S2",Road
-82.35055,35.59430,"NO,S2",NONE
-82.36647,35.67394,S2,NONE
-82.29816,35.60979,"NO,S2",Building
-82.42760,35.64718,"PL,S2",River
-82.45579,35.55498,"NO,S2",Road
-82.37038,35.54631,"PL,S2",Road
-82.79116,35.50157,S2,NONE
-82.33378,35.57238,"PL,S2",Various
-82.33307,35.56669,"PL,S2",Various
-82.33762,35.56196,"PL,S2",Various
-82.32552,35.49793,"PL,S2",Road
-82.32608,35.50148,"PL,S2",Road
-82.32576,35.49890,"PL,S2",Road
-82.32651,35.50056,"PL,S2",Road
-82.28157,35.40228,S2,NONE
-82.29801,35.46617,S2,Road
-82.31379,35.47054,S2,NONE
-82.33366,35.47484,"PL,S2",Road
-82.33188,35.47390,"PL,S2",Road
-82.37608,35.46448,S2,NONE
-82.34395,35.52434,S2,Building
-83.11402,35.50409,S2,UNCLEAR
-82.34249,35.53002,S2,NONE
-83.11784,35.53584,S2,NONE
-82.35418,35.53503,"PL,S2,UA",Various
-82.95329,35.46831,S2,UNCLEAR
-82.32176,35.53241,"PL,S2",Building
-82.33369,35.52416,"PL,S2",Road
-82.32389,35.52349,S2,Building
-82.32145,35.41361,"PL,S2",Other
-82.31254,35.39758,"PL,S2",Road
-82.30664,35.39751,"PL,S2",Road
-82.29025,35.52375,"PL,S2",Building
-82.28642,35.51610,"PL,S2",Various
-82.32373,35.51479,"PL,S2",Building
-82.39351,35.45228,"PL,S2",NONE
-82.39978,35.40892,"PL,S2",NONE
-82.07914,35.50560,"S2,UA",Other
-81.58508,36.51387,"S2,UA",Building
-81.58709,36.51267,S2,Road
-82.28916,35.46140,"PL,UA",River
-82.28998,35.45922,"PL,UA",River
-82.29021,35.45868,"PL,UA",River
-82.29058,35.45573,UA,Building
-81.57373,36.51078,S2,Building
-81.63126,36.51907,"S2,UA",Road
-82.29228,35.44392,UA,Road
-82.29082,35.44719,"PL,UA",River
-82.29343,35.45729,"PL,UA",Other
-82.29441,35.45247,UA,Building
-81.58457,36.51439,"S2,UA",Building
-81.58451,36.51340,"S2,UA",Building
-82.30707,35.46971,UA,River
-82.38184,36.61743,S2,NONE
-82.31120,35.46183,"PL,UA",Road
-82.21574,36.66427,"PL,S2",NONE
-82.21445,36.66280,PL,UNCLEAR
-82.22520,36.66701,S2,Other
-82.24317,36.68495,"PL,S2",NONE
-82.25505,36.67729,"PL,S2",NONE
-82.26660,36.64807,"PL,S2",NONE
-82.31196,36.66758,"PL,S2",Other
-82.30639,35.61303,"PL,UA",Other
-82.30585,35.61416,"PL,UA",Other
-82.30337,35.61629,"PL,UA",Road
-81.15290,36.85736,S2,UNCLEAR
-81.15333,36.69700,S2,NONE
-81.18183,36.65540,S2,NONE
-81.17063,36.64811,S2,Various
-81.19581,36.63125,S2,River
-81.64504,36.12561,S2,NONE
-81.08381,36.69882,S2,NONE
-81.01444,36.85305,S2,UNCLEAR
-81.01445,36.85177,S2,UNCLEAR
-82.30532,35.58367,"PL,S2",Building
-82.30479,35.58382,"PL,S2",Building
-82.27756,35.51183,"PL,UA",Road
-82.27695,35.51169,"PL,UA",Road
-82.29745,35.58221,PL,Road
-82.29286,35.58279,PL,Road
-82.32525,35.58052,S2,NONE
-82.30911,35.57423,"PL,S2",Road
-82.31504,35.56774,"PL,S2",Road
-82.27885,35.76727,"PL,S2",River
-82.27816,35.76606,"PL,S2",River
-82.31980,35.75927,S2,River
-82.31515,35.76032,S2,River
-82.31945,35.75427,S2,River
-82.33901,35.44764,"PL,S2",NONE
-82.32162,35.74049,S2,UNCLEAR
-82.32185,35.74195,S2,River
-82.35181,35.44425,PL,NONE
-82.32196,35.76701,S2,UNCLEAR
-82.36964,35.44428,"PL,S2",NONE
-82.31298,35.76592,S2,UNCLEAR
-82.35825,35.43838,"PL,S2",Road
-82.41008,35.40128,"PL,S2",Building
-82.31462,35.76262,S2,River
-82.31362,35.76310,S2,River
-82.31420,35.76112,S2,River
-82.31451,35.75886,S2,River
-82.50118,35.52279,"PL,S2",NONE
-82.32728,35.76866,S2,River
-82.32809,35.77007,S2,River
-82.32843,35.77100,S2,River
-82.32561,35.77149,S2,River
-82.32501,35.77312,S2,River
-82.32620,35.77364,S2,River
-82.32367,35.77601,S2,UNCLEAR
-82.32304,35.79320,S2,UNCLEAR
-82.31981,35.79536,S2,UNCLEAR
-82.32624,35.79625,S2,UNCLEAR
-82.38764,35.48144,"PL,S2",Road
-82.33461,35.77754,S2,UNCLEAR
-82.29014,35.78796,S2,Various
-82.28948,35.78796,S2,Various
-82.28841,35.78858,S2,Various
-82.29413,35.78300,S2,Other
-82.29230,35.81072,S2,UNCLEAR
-82.33477,35.81438,S2,Various
-82.33311,35.81639,S2,Various
-82.33583,35.83011,S2,Road
-82.33532,35.83129,S2,Road
-82.34179,35.81974,S2,Road
-82.32833,35.84466,S2,Various
-83.05276,36.14853,S2,UNCLEAR
-82.84335,36.20971,S2,Road
-81.76730,35.99315,"S2,UA",NONE
-82.90412,36.15466,S2,Road
-82.36279,35.24078,S2,NONE
-82.38885,35.24942,"PL,UA",UNCLEAR
-82.38917,35.24997,"PL,UA",UNCLEAR
-82.38971,35.25068,"PL,UA",UNCLEAR
-82.39036,35.25250,"PL,UA",UNCLEAR
-82.29022,35.28276,"NO,S2",River
-82.32588,35.89029,S2,NONE
-82.32039,35.89132,S2,River
-82.25670,35.39437,S2,NONE
-82.16132,35.76646,"S2,UA",Road
-82.18561,35.76233,"S2,UA",NONE
-82.17093,35.76620,S2,Road
-82.17498,35.76417,S2,NONE
-82.18784,35.74538,"S2,UA",Road
-82.42808,36.06232,"PL,S2",River
-81.68972,36.20402,FO,Road
-81.69006,36.20351,FO,Other
-81.75582,36.25385,"FO,S2",Other
-81.24525,36.35890,S2,Road
-81.32730,36.55552,S2,River
-81.54276,36.56226,S2,UNCLEAR
-82.29490,35.43641,UA,River
-81.68693,36.49944,S2,River
-81.68965,36.49456,S2,UNCLEAR
-82.29327,35.43179,"S2,UA",River
-82.29199,35.43197,"S2,UA",River
-81.65660,36.44873,S2,River
-82.29002,35.43784,UA,Other
-81.61864,36.49686,S2,River
-81.60833,36.50714,S2,UNCLEAR
-81.60730,36.52028,S2,Various
-81.60961,36.51716,S2,River
-82.31350,35.46051,UA,River
-81.58095,36.52401,S2,Road
-82.36496,35.70701,UA,NONE
-82.30901,35.45881,"S2,UA",NONE
-81.57691,36.46504,S2,Road
-82.30854,35.46062,"S2,UA",UNCLEAR
-82.30085,35.45662,UA,River
-81.56022,36.16928,S2,River
-81.38377,36.24012,S2,Road
-82.29008,35.45137,UA,River
-82.29035,35.45154,"S2,UA",Other
-82.33952,35.98218,"PL,S2",UNCLEAR
-82.29093,35.45165,"S2,UA",Road
-81.46885,36.23235,S2,River
-82.28880,35.44862,UA,NONE
-82.15927,36.03461,"PL,S2",UNCLEAR
-82.40379,35.70033,S2,Other
-82.28428,35.44950,UA,Building
-81.36513,36.23322,S2,UNCLEAR
-81.36550,36.23421,S2,UNCLEAR
-82.28656,35.44817,UA,Various
-82.24240,35.92840,S2,Road
-82.24180,35.92822,"PL,S2",Road
-82.23991,35.89080,S2,Road
-82.23937,35.89321,S2,Road
-82.24589,35.89716,"PL,S2",NONE
-82.23163,35.88090,S2,Road
-82.23289,35.87968,"PL,S2",Road
-82.23790,35.88016,PL,NONE
-82.24444,35.86070,S2,NONE
-82.21234,35.86608,"CAP,S2",Various
-82.21183,35.86560,"CAP,S2",Various
-82.19599,35.90682,"PL,S2",Road
-82.40240,35.67896,UA,River
-82.44257,35.63901,"S2,UA",NONE
-82.20852,35.85046,"PL,S2",Other
-82.37437,35.62414,"S2,UA",NONE
-82.20885,35.94397,"PL,S2",Road
-82.23572,35.88158,PL,NONE
-83.58511,35.30643,S2,NONE
-82.37673,35.94608,S2,River
-82.38629,35.94361,S2,Other
-81.63315,36.06447,S2,River
-82.48888,35.49551,UA,NONE
-82.20407,35.76899,"S2,UA",Other
-82.37039,35.96653,"PL,S2",River
-82.36976,35.96608,"PL,S2",River
-82.91425,35.41616,"S2,UA",River
-82.35643,35.96388,"PL,S2",Road
-82.35546,35.96378,"PL,S2",Road
-82.35597,35.96231,"PL,S2",Road
-82.21578,35.78656,"PL,UA",Various
-82.36296,35.95229,"PL,S2",Other
-82.36163,35.95287,"PL,S2",Other
-82.35949,35.95420,"PL,S2",Other
-82.35849,35.95340,"PL,S2",River
-82.35508,35.94932,"PL,S2",Building
-82.23164,35.73266,S2,River
-82.35484,35.94955,"PL,S2",Building
-82.35392,35.94992,"PL,S2",Building
-82.35317,35.94984,"PL,S2",Building
-82.35162,35.94929,"PL,S2",Building
-82.35442,35.95146,"PL,S2",Other
-82.34732,35.94807,"PL,S2",Road
-82.35325,35.94800,"PL,S2",Building
-82.35065,35.94776,"PL,S2",Building
-82.35022,35.94962,"PL,S2",Building
-82.34651,35.94768,S2,Road
-82.34755,35.94704,"PL,S2",NONE
-82.35266,35.94375,PL,Road
-82.36604,35.94348,"PL,S2",NONE
-82.24420,35.72892,"S2,UA",UNCLEAR
-82.23772,35.73862,"S2,UA",NONE
-82.35855,35.94135,"PL,S2",Building
-82.35818,35.93925,"PL,S2",Building
-82.35783,35.93801,"PL,S2",Building
-82.36087,35.93864,"PL,S2",Building
-82.36195,35.93130,S2,NONE
-82.36167,35.93157,S2,NONE
-82.37553,35.94100,"PL,S2",NONE
-82.37330,35.93847,"PL,S2",NONE
-82.36828,35.94354,PL,Road
-82.36824,35.94332,PL,Road
-82.36778,35.94241,"PL,S2",Road
-82.36767,35.94226,"PL,S2",Road
-82.37009,35.94284,S2,UNCLEAR
-82.36993,35.94256,S2,UNCLEAR
-82.36918,35.94165,"PL,S2",Other
-82.34289,35.51970,UA,UNCLEAR
-82.34763,35.52047,UA,Road
-82.30352,35.90559,"PL,S2",Road
-82.28809,35.78950,S2,Various
-82.30215,35.90574,"PL,S2",Building
-82.05238,35.84984,"S2,UA",Road
-82.34963,35.52117,UA,NONE
-82.32070,35.89753,"PL,S2",River
-82.31990,35.89764,"PL,S2",River
-82.04879,35.85036,"S2,UA",NONE
-82.34566,35.88087,"PL,S2",Road
-82.34588,35.88616,"PL,S2",Road
-82.34468,35.88647,"PL,S2",Road
-82.35781,35.87618,"PL,S2",Other
-82.04817,35.83556,"S2,UA",NONE
-82.34950,35.93240,S2,UNCLEAR
-82.32473,35.89473,"PL,S2",River
-82.32483,35.89368,"PL,S2",River
-82.32233,35.89272,"PL,S2",River
-82.32413,35.89908,S2,River
-82.32326,35.89801,S2,River
-82.32156,35.89882,S2,River
-82.35004,35.53710,UA,UNCLEAR
-82.29175,35.89297,"PL,S2",Other
-82.27801,35.89226,S2,Building
-82.34410,35.84844,"PL,S2",NONE
-82.28591,35.87486,S2,Road
-82.28815,35.50015,UA,Road
-82.33743,35.55859,S2,Various
-82.65870,35.22327,"S2,UA",River
-82.63577,35.95361,PL,UNCLEAR
-83.20412,35.33180,S2,NONE
-82.34656,36.26002,"S2,UA",NONE
-82.34884,36.25832,"S2,UA",NONE
-82.66090,35.22658,S2,UNCLEAR
-82.18417,35.80331,S2,NONE
-82.18590,35.80580,S2,NONE
-82.23783,35.81575,S2,NONE
-82.24120,35.80601,S2,NONE
-82.23915,35.80771,S2,NONE
-82.25371,35.79517,"S2,UA",River
-82.25335,35.79583,"S2,UA",River
-82.24991,35.79346,"S2,UA",River
-82.71514,35.07951,S2,NONE
-82.22546,35.79766,"PL,S2",NONE
-83.16105,35.05550,S2,River
-82.15658,35.79575,"PL,S2",River
-82.14447,35.80632,PL,NONE
-82.91159,34.99853,S2,UNCLEAR
-82.11870,35.79902,"PL,S2",NONE
-82.11566,35.78698,"PL,S2",River
-82.14668,35.77481,S2,NONE
-82.14728,35.77220,S2,NONE
-82.12846,35.74790,S2,Road
-82.15533,35.76316,"PL,S2",NONE
-82.15577,35.76295,"PL,S2",NONE
-82.14918,35.75918,S2,NONE
-82.15221,35.75771,S2,NONE
-82.20040,35.75998,S2,Road
-82.23756,35.76771,S2,River
-82.24381,35.74737,S2,River
-82.24574,35.73593,S2,River
-82.24686,35.73734,S2,NONE
-82.23508,35.75054,S2,NONE
-82.20726,35.72880,PL,Road
-82.20690,35.72906,PL,Road
-82.35566,35.83004,S2,NONE
-82.33496,35.82697,S2,NONE
-82.33507,35.82578,S2,Road
-82.33342,35.82040,S2,UNCLEAR
-83.34367,34.67704,S2,UNCLEAR
-82.32247,35.82438,S2,NONE
-82.32153,35.81788,S2,UNCLEAR
-82.32017,35.81492,S2,River
-82.30819,35.80968,S2,River
-82.30768,35.81530,S2,NONE
-82.30577,35.82564,S2,NONE
-82.31882,35.82677,S2,Road
-82.26631,35.80125,S2,NONE
-82.29488,35.74988,S2,River
-82.29426,35.74922,S2,River
-82.28869,35.75511,S2,NONE
-82.29299,35.75595,S2,NONE
-82.29421,35.75629,S2,NONE
-82.28930,35.76478,S2,NONE
-82.28607,35.76421,S2,NONE
-82.59326,36.11455,S2,NONE
-82.36536,35.74451,S2,River
-82.36340,35.73868,S2,Road
-82.35447,35.73594,S2,River
-82.37863,35.75028,S2,Building
-82.38782,35.73899,S2,River
-82.38757,35.73863,S2,River
-82.38710,35.73808,S2,River
-82.38737,35.73733,S2,River
-82.38728,35.73647,S2,River
-82.38726,35.73700,S2,River
-82.39493,35.73013,S2,River
-82.38220,35.72717,S2,River
-82.38137,35.72562,S2,River
-82.38052,35.72577,S2,UNCLEAR
-82.37908,35.72249,S2,River
-82.37928,35.72127,S2,River
-82.37823,35.72120,S2,River
-82.37892,35.72065,S2,River
-82.37882,35.71941,S2,River
-82.37896,35.71803,S2,River
-82.39943,36.19357,S2,NONE
-82.41114,35.77560,"PL,S2",NONE
-82.40726,35.77299,S2,Other
-82.40670,35.77336,S2,Other
-82.40437,35.77306,S2,Other
-82.40948,35.77701,S2,Other
-82.40538,35.63745,S2,NONE
-82.41602,35.64390,S2,UNCLEAR
-82.44326,35.63686,"S2,UA",NONE
-82.12564,36.09385,"PL,S2",River
-82.42181,35.65924,S2,NONE
-82.40582,35.70143,S2,Other
-82.35983,35.67573,S2,NONE
-82.23129,35.66927,S2,River
-82.24402,35.69718,S2,NONE
-82.02354,36.11861,"PL,S2,UA",River
-82.00752,36.08716,S2,River
-82.14556,35.72758,S2,NONE
-82.15114,35.72449,S2,NONE
-82.00947,36.09292,"PL,S2",River
-81.99413,36.10602,"PL,S2",Road
-82.12461,35.70731,S2,NONE
-81.99708,36.09873,"PL,S2",NONE
-82.97056,35.62180,UA,River
-81.97846,36.08754,"PL,S2",NONE
-83.10229,35.77772,UA,NONE
-83.08405,35.77093,UA,River
-81.95765,36.07645,S2,NONE
-81.92902,36.07927,"PL,S2",Building
-81.90973,36.09232,S2,Road
-82.40298,36.08106,"S2,UA",River
-82.40138,36.08200,"S2,UA",River
-82.24262,35.32709,UA,Road
-81.90505,36.09768,"PL,S2",NONE
-81.87201,36.11668,"PL,S2",NONE
-81.18835,36.40623,S2,River
-81.92436,36.12404,"PL,S2",Building
-81.91960,36.12653,"PL,S2",Road
-81.90303,36.14006,S2,NONE
-81.93160,36.15025,"PL,S2",Building
-81.96026,36.14083,"NO,PL,S2",River
-81.96240,36.13977,"NO,PL,S2",Building
-82.04445,36.14399,"PL,S2",Road
-82.11033,36.14619,"PL,S2",NONE
-82.10748,36.12794,"PL,S2",UNCLEAR
-82.13296,36.15098,S2,NONE
-82.07502,36.15593,S2,Building
-82.02590,36.17597,"PL,S2",UNCLEAR
-81.99171,36.15916,"PL,S2",Road
-81.90770,36.16141,S2,Road
-81.87885,36.17009,"PL,S2",Building
-81.90518,36.16073,"PL,S2",Other
-81.83880,36.18774,"PL,S2",Road
-81.86406,36.17227,"PL,S2",Road
-81.86605,36.17058,"PL,S2",Other
-81.86523,36.17074,"PL,S2",Road
-81.86778,36.16877,"PL,S2",Other
-81.85628,36.17000,"PL,S2",Road
-81.86949,36.18290,"PL,S2",Road
-81.85067,36.17011,"PL,S2",Road
-81.84740,36.18771,"PL,S2",Road
-81.72427,36.22845,S2,River
-81.72586,36.20641,"PL,S2",Other
-81.74525,36.22000,"PL,S2",Road
-81.74967,36.21279,"PL,S2",Road
-81.79213,36.23610,"PL,S2",Road
-81.87441,36.19881,"PL,S2",Road
-81.94054,36.20901,"PL,S2",River
-82.03593,36.20208,"PL,S2",UNCLEAR
-82.07817,36.19532,"PL,S2",Road
-81.91666,36.24051,S2,Road
-81.89609,36.26297,S2,River
-81.89709,36.26181,"PL,S2",Road
-81.81941,36.26709,S2,Road
-81.81906,36.26829,S2,Road
-81.81638,36.26667,S2,Road
-81.82657,36.26656,S2,Road
-81.78590,36.24187,S2,Other
-81.77486,36.26071,S2,NONE
-81.77461,36.26294,S2,Road
-81.75402,36.25554,S2,Road
-81.75381,36.24325,S2,NONE
-81.73206,36.24652,S2,Various
-81.72193,36.23573,S2,Road
-81.73074,36.23719,S2,NONE
-81.73911,36.25208,S2,NONE
-81.72513,36.23950,S2,Other
-81.77127,36.28430,S2,River
-81.77207,36.27272,S2,Road
-81.77120,36.27425,S2,NONE
-81.79128,36.26459,S2,NONE
-81.76601,36.32381,S2,NONE
-81.75913,36.29557,S2,NONE
-81.75499,36.30588,S2,NONE
-81.73342,36.35742,S2,UNCLEAR
-81.73266,36.37291,S2,Other
-81.71085,36.34048,S2,Road
-81.81068,36.57451,S2,NONE
-81.81019,36.57558,S2,NONE
-81.61801,36.46209,S2,River
-81.61471,36.49336,S2,Road
-81.61558,36.49883,S2,Various
-81.58858,36.47627,S2,River
-81.60948,36.47634,S2,River
-81.61949,36.48750,S2,River
-81.61631,36.47756,S2,River
-81.61649,36.47829,S2,River
-81.61809,36.49910,S2,River
-81.61886,36.50197,S2,River
-81.62179,36.46908,S2,UNCLEAR
-81.63361,36.49056,S2,UNCLEAR
-81.63087,36.50669,S2,River
-81.63049,36.50739,S2,River
-81.62105,36.51028,S2,River
-81.60173,36.47021,S2,Various
-81.66587,36.46907,S2,Road
-81.67851,36.48344,S2,River
-81.64418,36.48392,S2,River
-81.63910,36.45073,S2,UNCLEAR
-82.20494,35.54014,PC,Building
-82.20619,35.54058,FO,Other
-82.40967,35.61812,FO,Road
-81.73129,36.24342,FO,Building
-81.69332,36.24934,FO,Road
-81.69235,36.24742,"FO,MR,S2",Building
-81.69157,36.24561,FO,Building
-81.69495,36.25371,FO,Various
-81.69510,36.25497,S2,UNCLEAR
-81.69689,36.25374,FO,Building
-81.70046,36.25567,S2,River
-81.69588,36.26192,FO,Road
-81.69795,36.26176,S2,Building
-81.69951,36.26193,FO,Building
-81.68092,36.25200,FO,Road
-81.68023,36.25278,S2,Building
-81.74180,36.26721,FO,NONE
-81.74427,36.26606,FO,Road
-81.74380,36.26719,FO,Building
-81.74508,36.26701,FO,Building
-81.73667,36.25859,FO,Various
-81.73309,36.28414,FO,Road
-81.66517,36.42405,FO,Road
-81.66935,36.41414,FO,Road
-81.67232,36.41425,FO,Road
-81.67695,36.41291,"FO,S2",Road
-81.67724,36.41367,"FO,S2",Road
-81.67678,36.41172,"FO,S2",Other
-81.69208,36.40413,FO,Other
-81.64550,36.44016,"FO,S2",Road
-81.61259,36.44676,FO,Various
-81.60226,36.45464,FO,Road
-81.52130,36.46112,FO,Road
-81.68568,36.12530,"FO,S2",Road
-81.75149,36.33488,"FO,S2",Building
-81.75851,36.33757,FO,NONE
-81.76443,36.33691,FO,Building
-81.76414,36.33520,FO,Building
-81.76384,36.33507,FO,Building
-81.76708,36.33196,FO,Other
-81.76683,36.33168,FO,Other
-81.76663,36.33150,FO,Other
-81.76611,36.33102,FO,Other
-81.76485,36.33130,"FO,S2",Other
-81.76619,36.33055,FO,NONE
-81.76572,36.33026,FO,NONE
-81.76560,36.33058,FO,NONE
-81.79421,36.26483,"FO,MR",Building
-81.79556,36.26434,FO,Road
-81.79528,36.26353,FO,NONE
-81.78416,36.26646,FO,River
-81.77402,36.26976,FO,Road
-81.77445,36.26985,FO,Road
-81.78058,36.27443,FO,Building
-81.77731,36.27495,FO,Road
-81.77969,36.27720,FO,Various
-81.78268,36.28006,FO,NONE
-81.78350,36.28054,FO,Building
-81.78114,36.28465,FO,Road
-81.78692,36.28319,FO,Road
-81.78658,36.28393,FO,Other
-81.79141,36.28188,FO,Building
-81.79233,36.28488,FO,Road
-81.79043,36.28759,FO,Building
-81.75091,36.31239,FO,NONE
-81.50332,36.50781,FO,Building
-81.50420,36.50777,FO,Road
-81.50140,36.51192,FO,Road
-81.50651,36.50155,FO,Other
-81.50822,36.50131,FO,Building
-81.51846,36.50727,FO,Various
-81.50006,36.49886,FO,Various
-81.50133,36.49835,FO,Various
-82.51820,35.30660,FO,UNCLEAR
-82.51886,35.30619,FO,Building
-82.20494,35.57332,FO,Road
-82.34332,35.57098,S2,UNCLEAR
-82.34229,35.56972,S2,UNCLEAR
-82.40903,35.68972,"S2,UA",Road
-82.40384,35.46328,S2,NONE
-82.40341,35.46294,S2,River
-82.40297,35.46080,S2,River
-82.39926,35.47294,S2,River
-82.39782,35.47293,S2,River
-82.40228,35.48562,S2,Road
-82.39604,35.48493,S2,UNCLEAR
-82.37994,35.47879,S2,NONE
-82.37851,35.48774,S2,Various
-82.38026,35.42932,S2,Road
-82.34499,35.44505,S2,NONE
-82.31604,35.46367,"PL,UA",Road
-82.31553,35.46351,"PL,UA",Road
-82.31511,35.46322,"PL,UA",Road
-82.30791,35.46041,"S2,UA",NONE
-82.30742,35.46040,"S2,UA",NONE
-82.30696,35.46044,"S2,UA",NONE
-82.30679,35.46069,"S2,UA",NONE
-82.30851,35.47071,"S2,UA",Building
-82.32533,35.46872,S2,Road
-82.31938,35.46386,"PL,S2",River
-82.40286,35.68534,S2,UNCLEAR
-82.39913,35.70840,S2,River
-82.30576,35.47627,S2,Various
-82.30755,35.48574,S2,Road
-82.30679,35.48612,S2,Road
-82.08534,36.00780,"PL,S2",NONE
-82.07616,35.98698,S2,NONE
-82.07814,35.99106,S2,NONE
-82.10134,35.99759,S2,NONE
-82.09996,35.99663,S2,NONE
-82.25048,35.57587,"PL,S2",Other
-82.23501,35.56748,S2,UNCLEAR
-82.24340,35.57980,"PL,S2",Road
-82.23773,35.57688,"PL,S2",Road
-82.23389,35.58259,S2,Road
-82.09314,35.94858,S2,Road
-82.22368,35.57360,"PL,S2",Other
-82.21910,35.62520,"PL,S2",Road
-82.21728,35.62545,"PL,S2",Road
-82.21294,35.62543,"PL,S2",Road
-82.13243,35.85430,"S2,UA",Road
-82.26562,35.83138,S2,Road
-82.27497,35.82667,S2,Road
-82.31704,35.84917,S2,Building
-82.30289,35.88283,S2,Building
-82.21096,35.65943,S2,NONE
-82.73555,36.02044,S2,Road
-82.20802,35.66701,S2,NONE
-82.20229,35.67317,S2,NONE
-82.16635,35.70634,S2,NONE
-82.13428,35.73094,"PL,S2",UNCLEAR
-82.13369,35.73110,"PL,S2",UNCLEAR
-82.12972,35.73260,"PL,S2",Road
-82.33995,35.88164,S2,Building
-82.34168,35.88587,S2,Building
-82.34644,35.89396,S2,Building
-82.33112,35.92978,S2,NONE
-82.31740,35.56598,S2,NONE
-82.31088,35.59618,"PL,S2",Road
-82.29212,35.63454,"PL,S2",NONE
-82.29953,35.63829,"PL,S2",NONE
-82.34556,35.88641,"PL,S2",Road
-82.26376,35.62594,"PL,S2",Other
-82.26210,35.62672,"PL,S2",Other
-82.26033,35.62773,"PL,S2",Other
-82.25661,35.62871,"PL,S2",UNCLEAR
-82.25628,35.62906,"PL,S2",UNCLEAR
-82.25679,35.62953,"PL,S2",Other
-82.25623,35.63029,"PL,S2",Other
-82.25619,35.63068,"PL,S2",Other
-82.25562,35.63073,"PL,S2",Other
-82.25596,35.63258,"PL,S2",Other
-82.32368,35.89830,S2,River
-82.25436,35.63283,"PL,S2",Other
-82.25517,35.63213,"PL,S2",Other
-82.24967,35.63327,"PL,S2",NONE
-82.24965,35.63624,"PL,S2",Road
-82.24897,35.63646,"PL,S2",NONE
-82.24909,35.63608,"PL,S2",NONE
-82.24782,35.63611,"PL,S2",Other
-82.24407,35.63559,"PL,S2",Other
-82.24373,35.63538,"PL,S2",Other
-82.24055,35.63516,"PL,S2",Other
-82.24093,35.63414,"PL,S2",NONE
-82.25539,35.65059,S2,NONE
-82.25514,35.65231,"PL,S2",UNCLEAR
-82.27091,35.62611,"PL,S2",Road
-82.26672,35.23347,S2,UNCLEAR
-82.26463,35.24975,PL,NONE
-82.30586,35.23118,S2,Other
-82.29724,35.23324,S2,NONE
-82.32841,35.25534,"PL,S2",Road
-82.33962,35.27623,S2,NONE
-82.33746,35.27475,S2,NONE
-82.33686,35.27506,S2,NONE
-82.22401,35.27007,"PL,S2",Building
-82.22150,35.26384,S2,NONE
-82.22465,35.26844,"PL,S2",UNCLEAR
-82.23898,35.28279,PL,NONE
-82.35155,35.28421,"NO,S2",River
-82.35184,35.29701,"NO,PL,S2",Road
-82.33146,35.33062,"PL,S2",UNCLEAR
-82.33521,35.32445,"PL,S2",Other
-82.39855,35.40947,S2,UNCLEAR
-82.29426,35.30029,"PL,S2",NONE
-82.35113,35.95398,S2,UNCLEAR
-82.34805,36.25840,S2,NONE
-82.03377,36.52168,S2,NONE
-82.11202,36.65419,S2,Other
-81.86484,36.17132,S2,Road
-81.89805,36.14526,S2,Road
-82.31181,35.34040,"PL,S2",River
-82.29387,35.33674,S2,Road
-81.95234,36.09659,S2,Road
-81.98359,36.11572,NO,Building
-82.31863,35.36231,"PL,S2",River
-82.31791,35.36206,"PL,S2",River
-82.31649,35.36156,"PL,S2",River
-82.33000,35.35776,"PL,S2",Building
-82.28740,35.37247,"PL,S2",Road
-82.28651,35.37139,"PL,S2",Road
-82.28595,35.37220,"PL,S2",Road
-82.28543,35.37240,"PL,S2",Building
-82.29071,35.37725,"PL,S2",Road
-81.98008,36.09721,S2,River
-82.26493,35.70239,"PL,S2",Road
-81.97256,36.07806,S2,Road
-82.28705,35.71383,"PL,S2",River
-82.24265,35.73367,"PL,S2",River
-82.24110,35.73561,"PL,S2",NONE
-82.24368,35.74767,S2,River
-82.24263,35.74592,S2,River
-82.22439,35.73417,S2,UNCLEAR
-82.00050,36.07401,"NO,S2",Road
-82.20133,35.72057,"PL,S2",NONE
-82.19653,35.71661,S2,Road
-82.19380,35.71551,"PL,S2",Road
-82.21821,35.70366,"PL,S2",NONE
-82.21902,35.70289,"PL,S2",NONE
-82.24272,35.71057,"PL,S2",UNCLEAR
-82.24674,35.72664,"PL,S2",River
-82.24701,35.72471,"PL,S2",Road
-82.27033,35.69313,S2,NONE
-82.24449,35.66997,"PL,S2",NONE
-82.23763,35.69233,"PL,S2",NONE
-82.23080,35.69218,"PL,S2",Road
-82.22955,35.69156,"PL,S2",River
-82.23259,35.68958,"PL,S2",NONE
-82.02828,36.07426,S2,River
-82.22214,35.68580,S2,Road
-82.20980,35.68457,S2,Other
-82.00290,36.04767,"NO,S2",Road
-82.00299,36.04894,"NO,S2",Other
-82.20248,35.68446,S2,Road
-82.20267,35.68597,PL,UNCLEAR
-82.20003,35.68722,PL,Road
-82.19963,35.68755,PL,Road
-82.01660,36.02829,NO,Road
-82.23724,35.66876,PL,NONE
-82.03378,36.00897,"NO,S2",Road
-82.23023,35.66125,"PL,S2",NONE
-82.21689,35.66626,S2,NONE
-82.21763,35.66641,S2,NONE
-82.23885,35.65444,"PL,S2",Other
-82.23780,35.64956,"PL,S2",UNCLEAR
-82.24423,35.65438,PL,Other
-82.24638,35.65401,"PL,S2",Road
-82.24476,35.65634,"PL,UA",Other
-82.24507,35.65713,"PL,UA",Other
-82.24420,35.65504,"PL,S2,UA",Other
-82.24648,35.65673,PL,Road
-82.24561,35.65853,"PL,S2",Other
-82.24701,35.65847,"PL,S2",Other
-82.24696,35.65892,PL,Other
-82.10530,36.07448,S2,Other
-82.25689,35.65617,"PL,S2",River
-82.25750,35.65557,PL,Other
-82.25368,35.65760,PL,Other
-82.25433,35.65715,PL,Other
-82.25111,35.65995,PL,Other
-82.25094,35.65905,PL,Road
-82.25059,35.65809,PL,UNCLEAR
-82.25132,35.65736,PL,Building
-81.66032,36.42836,S2,Road
-81.66903,36.42112,S2,Road
-81.67804,36.40452,S2,Building
-81.67710,36.41209,S2,Other
-81.67695,36.41322,S2,UNCLEAR
-81.72587,36.36915,S2,Building
-81.77192,36.35527,S2,River
-81.75738,36.34730,S2,Other
-81.75763,36.34668,S2,Other
-81.75725,36.34687,S2,Other
-81.76252,36.34939,S2,Other
-81.76251,36.35119,S2,Other
-81.77378,36.33215,S2,Road
-82.38920,35.67748,S2,NONE
-82.37113,35.70131,"PL,S2",NONE
-82.37140,35.70062,"PL,S2",NONE
-82.37143,35.70018,"PL,S2",NONE
-82.30134,35.71048,UA,River
-82.31199,35.70355,UA,River
-82.39156,35.73613,S2,River
-82.38675,35.74113,S2,River
-82.31734,35.75220,"PL,S2",River
-82.18409,35.44232,"PL,S2",NONE
-82.15629,35.51237,"PL,S2",NONE
-82.19246,35.54115,"PL,S2",Road
-82.17598,35.54808,"PL,S2",Building
-82.17924,35.54300,PL,UNCLEAR
-82.17183,35.54050,PL,Road
-82.22296,35.53663,"PL,S2",Other
-82.18518,35.51315,S2,River
-82.18830,35.49723,"PL,S2",NONE
-82.21741,35.50901,S2,Other
-82.21318,35.56137,"PL,S2",Building
-82.22223,35.48177,S2,NONE
-82.22444,35.48037,"PL,S2",NONE
-82.21547,35.47928,PL,NONE
-82.20670,35.48266,PL,NONE
-82.21212,35.47881,PL,NONE
-82.21170,35.47859,PL,NONE
-82.23684,35.48169,PL,UNCLEAR
-82.23046,35.47479,PL,NONE
-82.22209,35.47517,PL,NONE
-82.22901,35.49258,PL,NONE
-82.23982,35.46742,PL,NONE
-82.24461,35.46619,PL,NONE
-82.23004,35.46092,PL,NONE
-82.22953,35.45991,PL,NONE
-82.24792,35.46348,"PL,S2",NONE
-82.24607,35.46283,"PL,S2",Various
-82.24367,35.46274,"PL,S2",Various
-82.24292,35.46234,"PL,S2",Various
-82.24521,35.46419,"PL,S2",NONE
-82.23697,35.46095,PL,River
-82.24759,35.45693,S2,Various
-82.24468,35.45755,"PL,S2",Various
-82.24023,35.46128,S2,River
-82.24834,35.45635,"PL,S2",Various
-82.24799,35.45455,"PL,S2",Various
-82.24708,35.45282,"PL,S2",Various
-82.24677,35.45220,PL,Various
-82.25101,35.45387,PL,NONE
-82.25036,35.45288,"PL,S2",NONE
-82.24623,35.45697,S2,Various
-82.22599,35.45236,PL,NONE
-82.09831,35.83980,S2,Road
-82.11262,35.82986,S2,River
-82.16451,35.76876,S2,Road
-82.23533,35.44163,PL,NONE
-82.24140,35.44103,PL,Other
-82.24483,35.44206,PL,Other
-82.24858,35.44276,PL,NONE
-82.24928,35.44200,PL,Other
-82.24659,35.44381,PL,Other
-82.24576,35.44361,PL,Other
-82.24551,35.44343,PL,Other
-82.25069,35.44572,"PL,S2",UNCLEAR
-82.25424,35.44792,"PL,S2",NONE
-82.25743,35.44523,PL,Road
-82.26042,35.44308,"PL,S2",Road
-82.26152,35.44317,"PL,S2",Road
-82.26219,35.44865,PL,Various
-82.26203,35.44806,PL,Various
-82.26335,35.44566,"PL,S2",Various
-82.26265,35.44334,PL,Various
-82.25524,35.44333,PL,UNCLEAR
-82.26826,35.44645,PL,NONE
-82.26702,35.44611,PL,NONE
-82.26469,35.45193,PL,UNCLEAR
-82.26909,35.45067,"PL,S2",UNCLEAR
-82.27351,35.45109,"PL,S2",UNCLEAR
-82.27097,35.46382,S2,Road
-82.27700,35.46790,PL,Various
-82.28113,35.46720,"PL,S2",UNCLEAR
-82.42704,36.06263,"PL,S2",River
-82.47207,35.96659,PL,Other
-82.37064,35.94122,PL,Other
-82.36472,35.95157,PL,Other
-82.35338,35.94768,"PL,S2",Building
-82.35171,35.94561,"PL,S2",Road
-82.29919,35.77037,S2,UNCLEAR
-82.32128,35.77701,S2,UNCLEAR
-82.23221,35.74983,S2,NONE
-82.23566,35.75481,S2,Various
-81.70148,36.26014,S2,River
-81.67685,36.25933,S2,NONE
-81.61471,36.23831,S2,UNCLEAR
-81.60740,36.23206,S2,UNCLEAR
-82.18904,35.73781,S2,NONE
-82.18769,35.73851,S2,NONE
-82.17090,35.74524,PL,River
-82.18487,35.72630,S2,Road
-82.18450,35.72564,S2,Road
-82.17850,35.73491,S2,NONE
-82.28612,35.46456,S2,Building
-82.28707,35.46495,S2,River
-82.28751,35.46522,S2,River
-82.28003,35.45604,S2,NONE
-82.27960,35.45600,S2,NONE
-82.28414,35.45443,S2,Road
-81.75534,36.33356,S2,Road
-81.74009,36.27648,S2,Various
-81.74035,36.27690,S2,Various
-81.75098,36.32746,S2,Other
-81.75825,36.31369,S2,Other
-81.76155,36.31272,S2,NONE
-81.52663,36.21271,S2,UNCLEAR
-81.52649,36.21229,S2,UNCLEAR
-81.52642,36.21184,S2,UNCLEAR
-81.52633,36.21150,S2,UNCLEAR
-81.52621,36.21108,S2,UNCLEAR
-81.52533,36.21171,S2,UNCLEAR
-81.52585,36.21202,S2,UNCLEAR
-81.52621,36.21281,S2,UNCLEAR
-81.76600,36.29502,PL,Other
-81.76608,36.29549,PL,Other
-81.80090,36.29173,S2,Other
-81.58225,36.18526,S2,NONE
-81.59098,36.20081,S2,UNCLEAR
-81.59587,36.20007,S2,UNCLEAR
-81.59574,36.20086,S2,UNCLEAR
-81.79200,36.28495,PL,Road
-81.79445,36.28522,PL,Various
-82.29136,35.54316,S2,NONE
-81.48318,36.52081,S2,NONE
-81.46768,36.51780,S2,NONE
-81.46710,36.51841,S2,NONE
-81.53911,36.57150,S2,Road
-81.55930,36.59473,S2,UNCLEAR
-82.34281,35.52276,PL,NONE
-82.33997,35.52079,PL,UNCLEAR
-82.33813,35.52925,PL,NONE
-82.33872,35.52811,PL,NONE
-82.34424,35.52451,PL,NONE
-82.34843,35.52640,PL,Other
-82.34633,35.52662,PL,Other
-81.19595,36.63049,S2,River
-81.14009,36.57020,S2,Road
-81.17032,36.41005,S2,NONE
-81.77589,36.26155,PL,NONE
-81.77603,36.26124,PL,NONE
-81.77616,36.26062,PL,NONE
-81.75284,36.27199,S2,Building
-81.75249,36.27180,S2,Building
-81.75232,36.27148,S2,Building
-81.75209,36.27105,S2,Building
-81.75204,36.27074,S2,Building
-81.74679,36.23342,S2,NONE
-81.74213,36.24129,FO,Other
-81.73357,36.24484,MR,Various
-81.73322,36.24366,MR,Various
-81.55625,36.42831,S2,NONE
-81.55401,36.42595,S2,NONE
-81.63152,36.49869,S2,River
-81.62493,36.51046,S2,River
-81.62644,36.51051,S2,River
-81.61943,36.49192,S2,Road
-81.61117,36.48805,S2,River
-81.59665,36.46131,S2,River
-81.60517,36.47728,S2,River
-81.60855,36.47572,S2,River
-81.66233,36.48248,S2,UNCLEAR
-82.13378,35.72199,S2,River
-82.13576,35.72194,S2,River
-82.16168,35.54508,FO,Building
-82.42278,35.62562,FO,Road
-81.78948,36.29872,FO,Road
-82.49350,35.61009,FO,Road
-82.31613,35.64029,FO,Road
-82.49243,35.58277,FO,Other
-81.14539,36.56787,"FO,S2",Road
-82.41355,35.62882,FO,Road
-81.79466,36.29572,FO,Road
-81.77790,36.29317,FO,Other
-81.93304,36.15546,FO,UNCLEAR
-81.52489,36.38648,"FO,S2",Road
-81.79201,36.29942,FO,Road
-82.16232,35.54477,FO,Road
-82.49348,35.58239,FO,Road
-82.30994,35.59250,FO,Building
-82.46796,35.40163,FO,River
-82.56615,35.61956,FO,Building
-82.41537,35.62929,FO,Road
-82.30362,35.40533,"FO,S2",Road
-82.49239,35.58278,FO,Other
-82.38171,35.61839,FO,Building
-82.30220,35.40168,"FO,S2",Building
-81.15647,36.57640,"FO,S2",Other
-82.30224,35.40241,"FO,S2",Road
-82.49227,35.58285,FO,Other
-82.45252,35.37533,FO,Building
-82.30417,35.40742,FO,Other
-81.94525,36.17276,FO,Road
-82.30376,35.40810,FO,NONE
-81.93349,36.05344,FO,Other
-81.73687,36.26536,"FO,S2",Various
-81.94291,36.17150,FO,UNCLEAR
-82.49226,35.58260,FO,Other
-82.40141,35.89604,FO,NONE
-82.49229,35.58299,FO,Other
-82.45096,35.38059,FO,Other
-81.76112,36.27346,"FO,S2",Road
-81.93733,36.15206,"FO,S2",River
-82.49343,35.58225,FO,Road
-82.49211,35.58321,FO,Other
-81.52483,36.38570,FO,Road
-82.31221,35.41286,"FO,S2",UNCLEAR
-82.49558,35.61060,FO,Other
-82.47209,35.65752,FO,UNCLEAR
-81.93970,36.16271,FO,Other
-82.45758,35.63791,FO,Other